#pragma once
// Auto-generated by scripts/build_web.py. Do not edit manually.
#include <Arduino.h>

// INDEX_HTML_GZ (18950 bytes, compressed with gzip)
const uint8_t INDEX_HTML_GZ[] PROGMEM = {
  0x1F, 0x8B, 0x08, 0x00, 0x89, 0xAE, 0xA6, 0x6A, 0x02, 0xFF, 0xE5, 0x7D, 0x6B, 0x93, 0x1B, 0xC7, 0x91, 0xE0, 0x77, 0x47,
  0xF8, 0x3F, 0x14, 0xC1, 0x93, 0x07, 0xF0, 0x00, 0x18, 0xBC, 0x07, 0x03, 0x70, 0xA8, 0x93, 0x64, 0xD1, 0xD2, 0x85, 0x5E,
  0x61, 0x52, 0xF2, 0x6E, 0x68, 0x75, 0x8E, 0x06, 0xD0, 0x18, 0xB4, 0x09, 0xA0, 0x71, 0xE8, 0x9E, 0x97, 0x47, 0x13, 0x41,
  0x4A, 0x6B, 0x7B, 0x1D, 0xF2, 0x9A, 0x67, 0x59, 0x7B, 0xDE, 0xB5, 0x2D, 0x71, 0xE5, 0xBD, 0x38, 0x5F, 0xC4, 0xDD, 0xDE,
  0x51, 0xB2, 0x68, 0x51, 0xA2, 0x49, 0x45, 0xDC, 0x2F, 0xC0, 0xFC, 0x05, 0xFD, 0x81, 0xF3, 0x4F, 0xB8, 0xCC, 0xAC, 0x47,
  0x57, 0x55, 0x57, 0x03, 0x18, 0x8A, 0xDE, 0xBB, 0x8D, 0xA3, 0x34, 0x33, 0x40, 0x77, 0x3D, 0xB3, 0xB2, 0xF2, 0x55, 0x99,
  0x59, 0x97, 0x2E, 0x7C, 0xEB, 0xE5, 0x67, 0xAE, 0xFD, 0xE5, 0x2B, 0xCF, 0xB2, 0x51, 0x3C, 0x19, 0x5F, 0xFE, 0xFA, 0xD7,
  0x2E, 0xE1, 0x5F, 0x36, 0xF6, 0xA6, 0x7B, 0xBB, 0xB9, 0xF9, 0x7E, 0x8E, 0x9E, 0xF8, 0xDE, 0x00, 0xFF, 0x4E, 0xFC, 0xD8,
  0x63, 0xFD, 0x91, 0x37, 0x8F, 0xFC, 0x78, 0x37, 0xF7, 0xEA, 0xB5, 0x2B, 0xA5, 0x76, 0x4E, 0x3D, 0x9F, 0x7A, 0x13, 0x7F,
  0x37, 0x77, 0x10, 0xF8, 0x87, 0xB3, 0x70, 0x1E, 0xE7, 0x58, 0x3F, 0x9C, 0xC6, 0xFE, 0x14, 0xCA, 0x1D, 0x06, 0x83, 0x78,
  0xB4, 0x3B, 0xF0, 0x0F, 0x82, 0xBE, 0x5F, 0xA2, 0x2F, 0x45, 0x16, 0x4C, 0x83, 0x38, 0xF0, 0xC6, 0xA5, 0xA8, 0xEF, 0x8D,
  0xFD, 0xDD, 0x6A, 0xB9, 0x52, 0x64, 0x13, 0xEF, 0x28, 0x98, 0xEC, 0x4F, 0xF4, 0x47, 0xFB, 0x91, 0x3F, 0xA7, 0xEF, 0x5E,
  0x0F, 0x1E, 0x4D, 0x43, 0xBB, 0xB3, 0x78, 0xE4, 0x4F, 0xFC, 0x52, 0x3F, 0x1C, 0x87, 0x73, 0xAD, 0xBF, 0x8B, 0x95, 0x7E,
  0xA5, 0x5F, 0x6D, 0x50, 0xE1, 0x38, 0x88, 0xC7, 0xFE, 0xE5, 0xC5, 0x6F, 0x17, 0x77, 0x16, 0x9F, 0x9F, 0xDD, 0x5C, 0xDC,
  0x63, 0x8B, 0xFF, 0xBA, 0xB8, 0x73, 0xF6, 0x37, 0x8B, 0xCF, 0x17, 0x77, 0x2E, 0x6D, 0xF1, 0x97, 0x50, 0x6A, 0x1C, 0x4C,
  0xAF, 0xB3, 0xB9, 0x3F, 0xDE, 0xCD, 0x4D, 0xBC, 0x69, 0x30, 0xF4, 0x23, 0x18, 0xFE, 0x68, 0xEE, 0x0F, 0x77, 0x73, 0x5B,
  0xF2, 0x41, 0xF9, 0xFB, 0x51, 0x38, 0xCD, 0x99, 0x85, 0x03, 0xE8, 0x32, 0xC7, 0xE2, 0xE3, 0x19, 0x0C, 0x25, 0x98, 0x78,
  0x7B, 0xFE, 0xD6, 0x6C, 0xBA, 0x97, 0x63, 0x51, 0xF0, 0x03, 0x3F, 0xDA, 0xCD, 0x55, 0x77, 0x6A, 0x47, 0xF0, 0xA3, 0x5A,
  0xC2, 0xD2, 0x65, 0x2C, 0xB0, 0xAA, 0x91, 0xE8, 0x60, 0x6F, 0xF3, 0x68, 0x32, 0x36, 0x2B, 0xC2, 0x43, 0xAB, 0xA2, 0x37,
  0x9B, 0x8D, 0xFD, 0x52, 0x1C, 0xEE, 0xF7, 0x47, 0x25, 0xDE, 0x88, 0xAB, 0x23, 0x0D, 0x5A, 0x93, 0xB0, 0x17, 0x40, 0x8D,
  0x43, 0xBF, 0x57, 0x82, 0xBA, 0xA5, 0xBE, 0x37, 0x43, 0xB0, 0x6A, 0x80, 0x3B, 0xF6, 0x23, 0xBB, 0x0E, 0xEF, 0xE4, 0xB1,
  0xD5, 0x8C, 0x62, 0x2F, 0xDE, 0x8F, 0x4A, 0x3D, 0x0F, 0x96, 0x35, 0x3E, 0x36, 0x9A, 0xE8, 0x8D, 0xBD, 0xFE, 0xF5, 0x52,
  0x3C, 0xF7, 0xA6, 0xD1, 0x78, 0xBF, 0x0F, 0x8F, 0xD6, 0x6A, 0x90, 0x96, 0x50, 0x6B, 0xC5, 0xB9, 0xD2, 0xD8, 0x12, 0xB4,
  0x45, 0x3D, 0xC2, 0xC7, 0xCE, 0x3C, 0x0C, 0xE3, 0x93, 0xAF, 0x7F, 0x8D, 0x31, 0xC2, 0x1C, 0x40, 0x30, 0x44, 0xA3, 0x0E,
  0x1B, 0x78, 0xF3, 0xEB, 0x5D, 0x7C, 0x5C, 0x2A, 0xF5, 0xF6, 0x3A, 0x17, 0x2B, 0x1E, 0xFC, 0x37, 0xEC, 0xC2, 0xB7, 0xBE,
  0x37, 0x1F, 0x74, 0x2E, 0x56, 0x1B, 0xD5, 0x46, 0xAD, 0x22, 0xBF, 0xD7, 0xE0, 0x41, 0xAF, 0xDA, 0xAB, 0xF5, 0x44, 0x8D,
  0xF8, 0x28, 0xEE, 0x5C, 0xF4, 0xDB, 0x7E, 0x7B, 0x48, 0x45, 0x26, 0xFB, 0xB1, 0x0F, 0x75, 0xDA, 0x5E, 0xDB, 0xF3, 0x2A,
  0xA2, 0x88, 0xD7, 0xC7, 0x69, 0x55, 0x3B, 0x17, 0xB7, 0xFB, 0x75, 0xCF, 0x1F, 0x74, 0xD5, 0x23, 0x68, 0xAB, 0xDE, 0x6B,
  0xD7, 0x86, 0x2D, 0xA3, 0x60, 0x07, 0x96, 0xDA, 0x07, 0x40, 0xED, 0xCD, 0xBD, 0x41, 0x00, 0xDF, 0xF3, 0xD5, 0x7A, 0x73,
  0xE0, 0xEF, 0x15, 0x45, 0xF5, 0xA2, 0xA8, 0x53, 0x10, 0x95, 0xC2, 0xEB, 0x9D, 0x8B, 0xB5, 0x5A, 0xBF, 0xD9, 0xF4, 0xB1,
  0xE1, 0x43, 0x6F, 0x3E, 0xED, 0x5C, 0x1C, 0x36, 0x77, 0xFC, 0x4A, 0x0F, 0xBF, 0xFB, 0xF3, 0x39, 0x0C, 0x6F, 0xD8, 0x80,
  0x7F, 0xA2, 0x3C, 0xB6, 0xBA, 0x1F, 0x75, 0x6A, 0x95, 0xD9, 0x11, 0x16, 0x88, 0x46, 0xDE, 0x20, 0x3C, 0xEC, 0x54, 0x58,
  0x7B, 0x76, 0xC4, 0xEA, 0xF0, 0x90, 0xCD, 0xF7, 0x7A, 0x5E, 0xBE, 0x52, 0xC4, 0xFF, 0xCA, 0x0D, 0xEC, 0xE5, 0xF4, 0xEB,
  0x5F, 0xFB, 0xE6, 0x49, 0x2F, 0x3C, 0x2A, 0x01, 0x82, 0x07, 0xD3, 0xBD, 0x4E, 0x2F, 0x9C, 0x0F, 0x60, 0x7F, 0xC2, 0x93,
  0xEE, 0xC4, 0x9B, 0xEF, 0x05, 0xD3, 0x4E, 0xA5, 0x3B, 0xF3, 0x06, 0x03, 0x7C, 0x57, 0xE9, 0xE2, 0x12, 0x5D, 0x0F, 0xE2,
  0x52, 0xEC, 0xCD, 0x4A, 0xA3, 0x60, 0x6F, 0x34, 0x86, 0x9F, 0x98, 0xEF, 0xD5, 0x0E, 0xAD, 0xF2, 0xCC, 0x9B, 0xC3, 0xAC,
  0xA0, 0xD1, 0x5E, 0x38, 0x38, 0xA6, 0xE5, 0x18, 0xC2, 0x2A, 0x96, 0x86, 0xDE, 0x24, 0x18, 0x1F, 0x77, 0x36, 0x9E, 0x87,
  0x15, 0x9D, 0x6F, 0x14, 0xA3, 0xE3, 0x28, 0xF6, 0x27, 0xA5, 0xFD, 0xA0, 0x58, 0xE2, 0x08, 0xC0, 0x1F, 0x14, 0x37, 0xAE,
  0xFA, 0x7B, 0xA1, 0xCF, 0x5E, 0x7D, 0x7E, 0xA3, 0xF8, 0x9D, 0xB0, 0x17, 0xC6, 0x61, 0x31, 0x82, 0x36, 0x4B, 0x40, 0x30,
  0x82, 0x21, 0xCD, 0xB0, 0x07, 0xE8, 0xB4, 0x37, 0x0F, 0xF7, 0xA7, 0x83, 0xCE, 0x81, 0x37, 0xCF, 0xE3, 0x9A, 0x16, 0xBA,
  0xBC, 0x7B, 0xFE, 0x1D, 0x56, 0x8C, 0xC3, 0x6E, 0x12, 0x4C, 0x4B, 0x23, 0x1F, 0x87, 0xD7, 0xA9, 0x56, 0x2A, 0x07, 0x23,
  0x39, 0x09, 0x98, 0x59, 0x1C, 0x87, 0x93, 0x4E, 0x1B, 0x40, 0x62, 0x35, 0x59, 0xA2, 0x9D, 0xDA, 0x41, 0x18, 0x02, 0x11,
  0x53, 0x2B, 0xD4, 0x0F, 0xE6, 0xFD, 0xB1, 0xCF, 0xBC, 0x98, 0xD5, 0x2A, 0x4F, 0xB0, 0xCA, 0x13, 0x45, 0x82, 0x61, 0xB5,
  0xD6, 0x28, 0x36, 0xDB, 0xC5, 0x5A, 0x7D, 0xBB, 0x58, 0xAE, 0xB6, 0x0B, 0x45, 0x6D, 0xF6, 0xAC, 0x51, 0x79, 0xA2, 0x50,
  0xC4, 0xB6, 0x53, 0xFF, 0xB2, 0xDB, 0xDE, 0x81, 0xB6, 0xAB, 0x4D, 0xD1, 0x78, 0x73, 0xA7, 0x58, 0xAD, 0x57, 0x8A, 0xB5,
  0x46, 0x0B, 0x1A, 0x6F, 0xA6, 0x1B, 0xE7, 0xEB, 0x56, 0x3E, 0x9C, 0x7B, 0xB3, 0x13, 0xA0, 0xB0, 0x9C, 0xFE, 0x76, 0x1A,
  0x6D, 0x5C, 0x76, 0xB9, 0x6A, 0xCC, 0xDB, 0x8F, 0x43, 0xB5, 0x74, 0x88, 0x11, 0xAC, 0xDA, 0x9A, 0x1D, 0x41, 0x3D, 0x24,
  0xFC, 0xFE, 0xFC, 0x64, 0x10, 0x44, 0xB3, 0xB1, 0x77, 0xDC, 0x19, 0x8E, 0xFD, 0xA3, 0xAE, 0x07, 0x2B, 0x39, 0x2D, 0x05,
  0xB0, 0x08, 0x51, 0x07, 0xF1, 0xD4, 0x9F, 0x77, 0xBF, 0xBF, 0x1F, 0xC5, 0xC1, 0xF0, 0xB8, 0x24, 0xB6, 0x61, 0x07, 0x06,
  0x00, 0xA4, 0xBE, 0xE7, 0xC7, 0x87, 0xBE, 0x3F, 0x15, 0xDD, 0x48, 0x68, 0x56, 0xDB, 0x5A, 0xCB, 0x6C, 0x54, 0x3D, 0xA1,
  0x55, 0x47, 0x9A, 0xC9, 0x71, 0x91, 0xBE, 0x1E, 0xF2, 0xE5, 0xD8, 0xAE, 0x54, 0xBA, 0x63, 0x3F, 0x8E, 0x91, 0x0B, 0x40,
  0x93, 0x38, 0xBA, 0x72, 0x5D, 0xAF, 0x5E, 0x8E, 0xF6, 0x7B, 0x5A, 0x03, 0xD5, 0x1A, 0x34, 0xA0, 0xAF, 0x31, 0x6D, 0xC3,
  0x02, 0x02, 0x60, 0x00, 0x5B, 0x9E, 0xCF, 0x7D, 0x07, 0xCA, 0x88, 0xE5, 0xC6, 0x8F, 0x02, 0x8B, 0xC5, 0x76, 0x68, 0x56,
  0x9E, 0xE8, 0xCA, 0xD9, 0x06, 0x53, 0xDC, 0x81, 0xA5, 0xDE, 0x38, 0xEC, 0x5F, 0x97, 0x93, 0x98, 0x53, 0xBD, 0x26, 0xD6,
  0xB3, 0xF1, 0x8B, 0xF7, 0xD5, 0x3D, 0xF0, 0xE7, 0x71, 0x00, 0x2C, 0xAB, 0x44, 0x70, 0xEA, 0x4C, 0x82, 0xC1, 0x60, 0xEC,
  0x8B, 0x11, 0x94, 0xC3, 0xE9, 0x49, 0xAA, 0x5E, 0x78, 0xBD, 0xD0, 0xA5, 0x5D, 0x25, 0x77, 0x20, 0xDF, 0x83, 0xEA, 0xA5,
  0xAC, 0x0B, 0x0B, 0x98, 0xAA, 0x8B, 0xDB, 0x7C, 0x49, 0x6D, 0x7A, 0x7D, 0x8A, 0xC4, 0xAF, 0x8C, 0x34, 0xEB, 0xC4, 0xDA,
  0x17, 0x29, 0x02, 0xD3, 0xAA, 0x20, 0x81, 0xE1, 0x75, 0xB1, 0x42, 0x41, 0xFB, 0x5C, 0x2B, 0xF0, 0xDD, 0xC2, 0xE1, 0xD5,
  0xA9, 0x42, 0x27, 0x51, 0x38, 0x0E, 0x06, 0x9C, 0x4E, 0xD4, 0x9A, 0xCD, 0xA2, 0xFC, 0x29, 0x57, 0x5A, 0x7A, 0x51, 0x09,
  0x5A, 0xDE, 0x14, 0xFF, 0x52, 0x50, 0xD8, 0x86, 0xE8, 0x60, 0x63, 0x48, 0x4B, 0xEE, 0xB7, 0x64, 0x5E, 0xBC, 0x32, 0xFF,
  0x52, 0x20, 0xD8, 0x0F, 0xE6, 0xE1, 0xAC, 0x34, 0x0C, 0xC6, 0x80, 0x1C, 0x9D, 0xDE, 0x78, 0x7F, 0x9E, 0xAF, 0x02, 0xF6,
  0xF0, 0x7E, 0x69, 0x0F, 0x80, 0x7C, 0x11, 0x4E, 0x39, 0xA5, 0x19, 0x86, 0xF3, 0x09, 0x2B, 0xD7, 0x23, 0xE6, 0x7B, 0x91,
  0x5F, 0x4C, 0x5A, 0x55, 0xCF, 0xC4, 0x26, 0xC1, 0x69, 0xB2, 0x51, 0x5D, 0x47, 0x28, 0xC0, 0xB6, 0x6E, 0xEC, 0x1F, 0xC5,
  0x25, 0xD5, 0x50, 0x67, 0x7F, 0x36, 0xF3, 0xE7, 0x7D, 0xAC, 0x65, 0xA1, 0x66, 0xD5, 0x89, 0x7C, 0xF6, 0xE4, 0x1A, 0x16,
  0x8E, 0xB7, 0x2A, 0x15, 0x5A, 0xA1, 0xAD, 0x6F, 0xB2, 0xC5, 0xAF, 0x16, 0x0F, 0x16, 0x0F, 0x17, 0x5F, 0x20, 0xCF, 0x62,
  0xF0, 0xE7, 0xDE, 0xD9, 0x5B, 0xC0, 0xCD, 0x1E, 0xC0, 0xDF, 0x5B, 0xEC, 0x9B, 0x5B, 0x30, 0xC0, 0x59, 0x78, 0x08, 0xFD,
  0xD1, 0x52, 0xCE, 0x42, 0x31, 0x43, 0x90, 0x05, 0xBC, 0x38, 0x38, 0xF0, 0xBB, 0x21, 0x60, 0xDE, 0x70, 0x0C, 0xB0, 0x1A,
  0x01, 0xCA, 0xF9, 0xD3, 0x53, 0x55, 0x9E, 0xF6, 0xBE, 0xB1, 0x85, 0xF1, 0x57, 0x69, 0x10, 0xCC, 0xFD, 0x3E, 0x35, 0x01,
  0x83, 0xDE, 0x9F, 0x4C, 0x5D, 0x1B, 0x7B, 0xCF, 0x9B, 0xF1, 0x11, 0xCB, 0xE5, 0x42, 0xDC, 0xAA, 0x24, 0x4D, 0xF7, 0xE2,
  0x29, 0x21, 0x15, 0xDF, 0x59, 0xD5, 0x66, 0x25, 0xD9, 0x5B, 0xFC, 0x4B, 0x7A, 0x77, 0x09, 0xFC, 0x99, 0x86, 0x53, 0xBF,
  0xDB, 0xDF, 0x9F, 0x47, 0x00, 0xAE, 0x59, 0x18, 0x50, 0x6F, 0x16, 0x7A, 0x66, 0x53, 0x40, 0x68, 0x07, 0x89, 0x5B, 0xF1,
  0x62, 0xAD, 0x5E, 0xAB, 0xD7, 0xBD, 0xE2, 0xC5, 0x6A, 0x05, 0xFE, 0xDB, 0xE1, 0xAB, 0xEF, 0x58, 0x82, 0xF3, 0xD2, 0x2F,
  0xF1, 0xD8, 0xC2, 0x25, 0x6F, 0x3C, 0x66, 0xE5, 0x86, 0xC0, 0x98, 0x34, 0xFC, 0x39, 0x0E, 0x29, 0xB8, 0x30, 0x90, 0xD8,
  0x04, 0xC5, 0x69, 0x69, 0x60, 0xA1, 0xCF, 0x19, 0x8D, 0x1A, 0xF5, 0xCB, 0x5E, 0x1F, 0x9B, 0x3D, 0x39, 0x3F, 0x50, 0x5C,
  0xF2, 0x01, 0x07, 0xCA, 0xC5, 0xE1, 0x70, 0x68, 0x53, 0x8B, 0x86, 0xE2, 0xF5, 0x3A, 0x9F, 0x12, 0xD5, 0x40, 0xF8, 0x9D,
  0x78, 0x34, 0xCE, 0xD9, 0xFE, 0x38, 0xF2, 0x59, 0x0D, 0x87, 0x1A, 0x4C, 0x87, 0x28, 0xBE, 0x8B, 0x19, 0xFF, 0xDB, 0xEB,
  0xFE, 0xF1, 0x70, 0x0E, 0x12, 0x5A, 0xC4, 0xA8, 0xCC, 0x49, 0xE5, 0x89, 0x13, 0xAB, 0x8B, 0xBA, 0xB3, 0x8B, 0x66, 0xE1,
  0xB4, 0x99, 0x2E, 0xDB, 0x6C, 0xCA, 0xB2, 0x3A, 0x67, 0xDB, 0x86, 0xC2, 0xC0, 0x9B, 0xD7, 0x6F, 0x39, 0x01, 0x25, 0xE8,
  0x0E, 0xFE, 0x58, 0xDF, 0xD2, 0x0D, 0xF7, 0x36, 0xCD, 0xDA, 0x93, 0x3F, 0x07, 0x29, 0x12, 0xB6, 0xE1, 0xD9, 0x8D, 0xC5,
  0x5D, 0xD8, 0x86, 0x8B, 0x8F, 0x61, 0x63, 0xC2, 0xE7, 0x3B, 0x8B, 0x8F, 0x61, 0xA7, 0xFE, 0x91, 0xE1, 0xEE, 0x5C, 0xFC,
  0x01, 0x7E, 0xDF, 0x85, 0x2F, 0x67, 0x6F, 0x2F, 0x7E, 0xBF, 0xB8, 0x7F, 0xF6, 0x36, 0xC3, 0x0D, 0x7C, 0x76, 0x03, 0xAA,
  0x3D, 0x3C, 0xFB, 0x31, 0x7C, 0xBE, 0xB7, 0x64, 0x33, 0xF7, 0xBC, 0x98, 0xCB, 0xA2, 0x0A, 0xA1, 0xBC, 0x1E, 0xD0, 0x55,
  0x18, 0x53, 0x97, 0xF3, 0x1A, 0x1A, 0xAF, 0x4E, 0x3C, 0xB0, 0xF0, 0x2A, 0x84, 0xC6, 0x7D, 0x9B, 0x96, 0x5A, 0x3A, 0xBA,
  0x48, 0x57, 0x6F, 0x16, 0xBA, 0xEB, 0xD0, 0xF2, 0x36, 0xC7, 0x04, 0x49, 0x00, 0x70, 0x79, 0xAA, 0xE9, 0x9D, 0x4D, 0x9C,
  0xD7, 0x49, 0x96, 0xDB, 0x9C, 0x2A, 0xE3, 0x82, 0xE0, 0x5C, 0x51, 0x55, 0x71, 0x10, 0x2F, 0xBE, 0x51, 0x6A, 0x0D, 0x8D,
  0x7E, 0xD4, 0x55, 0x27, 0x9D, 0x6A, 0xB9, 0xA9, 0x86, 0x68, 0x2C, 0x9A, 0x39, 0x88, 0xBA, 0x46, 0xA8, 0xA8, 0x8A, 0xDE,
  0x69, 0xC7, 0x1B, 0xC2, 0x98, 0x4E, 0xE4, 0x16, 0xCF, 0xE5, 0xBA, 0x59, 0x10, 0x2F, 0xE1, 0x28, 0xE2, 0x70, 0x46, 0xED,
  0x89, 0x81, 0x25, 0xE3, 0x5A, 0xC6, 0xFB, 0xCD, 0xE1, 0x54, 0x18, 0x02, 0xB6, 0x2A, 0x29, 0x26, 0x0D, 0x04, 0x20, 0x33,
  0x3E, 0x49, 0x84, 0xCD, 0x27, 0x6C, 0x30, 0xBA, 0x1A, 0x47, 0x01, 0x41, 0xA3, 0x18, 0x34, 0x22, 0x56, 0x6E, 0x4A, 0x76,
  0xA6, 0x8A, 0xE3, 0xB3, 0x64, 0xC6, 0xD3, 0x61, 0x78, 0x42, 0xF2, 0x8B, 0xEC, 0xAD, 0x5C, 0xE3, 0x9C, 0x8C, 0xCB, 0x25,
  0x34, 0x55, 0x55, 0x7A, 0x1E, 0x1E, 0xDA, 0x62, 0x94, 0x25, 0x87, 0xA9, 0xA2, 0xFD, 0xD1, 0x9E, 0x5E, 0xB4, 0x9A, 0xB0,
  0xEF, 0xB1, 0x3F, 0x8C, 0x3B, 0x75, 0x0D, 0xEA, 0x07, 0xE1, 0x38, 0xD6, 0xCB, 0x56, 0xB2, 0xA4, 0x33, 0x8D, 0x86, 0x50,
  0x45, 0x45, 0x48, 0x42, 0x64, 0xAD, 0xF1, 0x71, 0xA7, 0x4A, 0xA4, 0x42, 0x7E, 0x2B, 0x37, 0x9A, 0x9C, 0x1A, 0x24, 0xAF,
  0xB5, 0xE1, 0xD1, 0x60, 0xF6, 0x98, 0x06, 0xEF, 0x84, 0x8A, 0x25, 0xAD, 0xB3, 0xAA, 0xA4, 0xBA, 0x00, 0xAA, 0x52, 0xB8,
  0x1F, 0x2B, 0xB2, 0x96, 0xD5, 0x14, 0x4E, 0x5C, 0x92, 0x51, 0xD2, 0xAB, 0x92, 0x45, 0xDD, 0x47, 0x22, 0x6E, 0x17, 0xE2,
  0xCA, 0x98, 0xA2, 0x23, 0xB7, 0x81, 0x5E, 0xDC, 0x5F, 0x7C, 0x0A, 0x34, 0x02, 0x79, 0xFC, 0xE7, 0x9C, 0x06, 0x44, 0x80,
  0xD1, 0xB8, 0xFA, 0x00, 0xFE, 0x75, 0xB6, 0x34, 0x2E, 0xCC, 0xA9, 0x51, 0x8D, 0x95, 0x71, 0x3F, 0x69, 0x30, 0x6E, 0x27,
  0x38, 0xDB, 0x90, 0xB2, 0x0B, 0x5F, 0x71, 0xDE, 0x0E, 0x54, 0x0F, 0xA6, 0xB3, 0xFD, 0xF8, 0x75, 0xB2, 0x38, 0x00, 0x56,
  0xED, 0xF9, 0x6F, 0x10, 0xFD, 0x91, 0xFA, 0x1A, 0x68, 0x59, 0x20, 0x14, 0x7A, 0xD3, 0xBE, 0xCF, 0x79, 0xB4, 0xFD, 0x1D,
  0xC7, 0xD7, 0xA9, 0xAA, 0x5D, 0x9A, 0x26, 0x05, 0x9C, 0xEE, 0x58, 0x94, 0xE7, 0x62, 0xAD, 0x55, 0x6B, 0xD5, 0xBD, 0x2E,
  0x00, 0x1A, 0x91, 0x92, 0x37, 0x45, 0x54, 0x21, 0x35, 0x9A, 0x4E, 0x47, 0x0E, 0x45, 0x4C, 0x33, 0x1E, 0xED, 0x4F, 0x7A,
  0x4B, 0xC7, 0x28, 0x26, 0xDC, 0x4A, 0x76, 0x29, 0x7D, 0x4E, 0x0B, 0x1F, 0x4E, 0xC5, 0x90, 0xAB, 0xDB, 0x05, 0x5B, 0x1A,
  0x31, 0x58, 0x4D, 0x4D, 0x90, 0xBD, 0x4C, 0x4E, 0x29, 0x28, 0x55, 0x5D, 0xD1, 0x29, 0x69, 0x3F, 0xC8, 0x9C, 0xE4, 0x24,
  0xFC, 0x41, 0x89, 0xBE, 0x68, 0x13, 0x5C, 0x7B, 0x22, 0x3A, 0x68, 0x85, 0x39, 0x21, 0x35, 0xFC, 0x65, 0x03, 0x2A, 0x1F,
  0x78, 0xE3, 0x13, 0x54, 0x7C, 0x85, 0x3E, 0x58, 0x33, 0x71, 0x85, 0xA8, 0x03, 0x27, 0x01, 0x00, 0xA3, 0xC0, 0x83, 0xBF,
  0xD3, 0xFD, 0x09, 0xE8, 0xD6, 0xFD, 0x4E, 0xEC, 0xF5, 0xF6, 0xC7, 0xA0, 0x35, 0xC0, 0xF7, 0x28, 0x93, 0x8F, 0x2A, 0xE1,
  0x59, 0xA1, 0xFF, 0x7F, 0x01, 0x86, 0x79, 0xF7, 0xEC, 0x2D, 0x8E, 0xF6, 0xDC, 0xEE, 0xB2, 0x36, 0xD6, 0x37, 0x38, 0xD6,
  0xF3, 0x5A, 0xB3, 0xB9, 0x7F, 0x20, 0xE4, 0xAA, 0xA6, 0x4E, 0x96, 0x6B, 0x69, 0x9E, 0x94, 0x80, 0x0E, 0x09, 0x78, 0x26,
  0x8B, 0xAB, 0x36, 0x0D, 0x15, 0x2A, 0x98, 0x46, 0x7E, 0xCC, 0x50, 0xBA, 0xC0, 0xED, 0x66, 0x99, 0x41, 0xCC, 0xB5, 0xA4,
  0x11, 0xBD, 0x71, 0x92, 0x66, 0x24, 0x92, 0x30, 0x55, 0xBA, 0x19, 0x23, 0x35, 0x17, 0x2B, 0x99, 0xDD, 0xC8, 0x3F, 0x3A,
  0xD1, 0xCD, 0x20, 0x93, 0x70, 0x1A, 0x92, 0x36, 0xBD, 0x02, 0xD4, 0x02, 0x44, 0xD1, 0xA1, 0x17, 0xF7, 0x47, 0x7E, 0x64,
  0xC2, 0x55, 0x4A, 0x03, 0x82, 0x4E, 0x23, 0x6B, 0xE3, 0x6A, 0x08, 0xAA, 0x01, 0xA8, 0x1D, 0x74, 0xF0, 0x17, 0xAF, 0x2F,
  0x40, 0x5B, 0xD7, 0x38, 0x71, 0xBD, 0x91, 0x06, 0x6D, 0x25, 0x35, 0x87, 0x34, 0xA4, 0x35, 0x53, 0x44, 0xD7, 0xAD, 0x92,
  0xD5, 0x22, 0xDE, 0x69, 0x47, 0xC8, 0xBA, 0x89, 0x92, 0x45, 0x46, 0xE0, 0x7C, 0xB9, 0xDD, 0x2E, 0x28, 0x0C, 0xFA, 0xFB,
  0xC5, 0x83, 0xB3, 0xBF, 0x5E, 0x3C, 0x2C, 0x9D, 0xDD, 0x3C, 0x7B, 0x0B, 0x24, 0xB0, 0x87, 0x24, 0x58, 0x11, 0x3A, 0x21,
  0xAF, 0x2B, 0x21, 0x59, 0x31, 0xA7, 0xBD, 0xDC, 0x2A, 0xE1, 0x40, 0x36, 0x29, 0x3B, 0xEC, 0x20, 0xCB, 0xEE, 0x2A, 0xF3,
  0x16, 0x17, 0xBD, 0x96, 0xC9, 0x48, 0x4D, 0xD7, 0x5A, 0xA8, 0x51, 0x75, 0xC6, 0x5E, 0x84, 0x9C, 0x21, 0x18, 0x0F, 0x4E,
  0xCC, 0x46, 0x91, 0x78, 0x19, 0x45, 0x59, 0xF9, 0xFA, 0x89, 0xDB, 0x7E, 0xA1, 0x15, 0x39, 0x38, 0xC9, 0x92, 0x55, 0x3F,
  0xC4, 0x2D, 0x46, 0xDA, 0xE3, 0xD9, 0xDF, 0x9E, 0xFD, 0x35, 0x40, 0xEB, 0xEE, 0xE2, 0x73, 0x94, 0x42, 0x41, 0x6A, 0x25,
  0x40, 0x0D, 0x8F, 0x40, 0x71, 0x08, 0x06, 0x0A, 0x4C, 0xF8, 0xA5, 0x8B, 0xBF, 0x4A, 0x00, 0x06, 0x78, 0x12, 0x93, 0x31,
  0x1D, 0x74, 0x41, 0x58, 0xE1, 0xE1, 0x9C, 0xC1, 0x8F, 0xC1, 0x76, 0xA0, 0xBA, 0xCB, 0x8C, 0xA0, 0xDB, 0x08, 0xD6, 0xD9,
  0x6F, 0x68, 0x1E, 0x70, 0xEC, 0x54, 0x5D, 0xCA, 0xE4, 0x42, 0xBA, 0x89, 0x5F, 0xB6, 0xD2, 0x24, 0x75, 0x77, 0x4B, 0xEF,
  0xCD, 0xD4, 0xCC, 0xC4, 0xE8, 0x33, 0x71, 0x6D, 0xA7, 0x55, 0xD0, 0x8A, 0x95, 0x23, 0xD0, 0x1A, 0xC4, 0x28, 0x05, 0x43,
  0x17, 0x74, 0xD6, 0x52, 0x41, 0x6A, 0x4E, 0xAE, 0xD0, 0x90, 0x6D, 0xA1, 0xED, 0xDA, 0xD6, 0x3E, 0xAC, 0xE5, 0x33, 0xF6,
  0x65, 0x45, 0x81, 0x9A, 0x08, 0x9D, 0xA4, 0x19, 0x2D, 0xB7, 0xC4, 0xBD, 0x72, 0xEE, 0xA7, 0x1C, 0x31, 0x50, 0x65, 0xB9,
  0xBB, 0xF8, 0xF8, 0xEC, 0xA7, 0x67, 0x3F, 0x2B, 0x71, 0x2D, 0x64, 0xF1, 0x47, 0x50, 0x51, 0x7E, 0x04, 0x7F, 0xC5, 0x1E,
  0xE2, 0xB6, 0xF9, 0xA0, 0xAF, 0xDB, 0x98, 0x40, 0x5D, 0xEC, 0x55, 0xB8, 0xE8, 0x37, 0x2B, 0xF5, 0xE6, 0xBE, 0x17, 0x8F,
  0xFC, 0x13, 0x07, 0xE7, 0xD1, 0xB4, 0x44, 0x51, 0x0A, 0x14, 0xC5, 0x66, 0xA2, 0x28, 0xEA, 0x62, 0x96, 0xA5, 0x31, 0xCA,
  0x56, 0x41, 0x6F, 0x35, 0x24, 0xBA, 0x72, 0xAD, 0x69, 0x88, 0x7C, 0x5C, 0xC2, 0x9B, 0xC1, 0xE4, 0x83, 0x69, 0x0F, 0xF8,
  0xC6, 0x12, 0x2B, 0xD6, 0x0E, 0x19, 0xB1, 0xE6, 0xA0, 0x01, 0x87, 0xC4, 0x5E, 0x8B, 0xC7, 0xFE, 0x18, 0x40, 0x54, 0xDC,
  0x9B, 0xC3, 0xB6, 0x2F, 0xF6, 0x8F, 0xBD, 0x69, 0x11, 0x14, 0x13, 0xBF, 0x78, 0x10, 0x84, 0x63, 0x3F, 0xC6, 0x82, 0x05,
  0x8D, 0x9D, 0x4A, 0x4B, 0x24, 0xDA, 0x58, 0x51, 0x3E, 0xD7, 0xE6, 0x86, 0x7D, 0xB3, 0x5A, 0xC4, 0x78, 0x87, 0xBA, 0xBC,
  0xA8, 0xCF, 0x08, 0x4B, 0x91, 0x0E, 0x9C, 0x34, 0xA9, 0x56, 0x05, 0xF0, 0x45, 0xA8, 0xB1, 0x8E, 0x97, 0xD4, 0x67, 0x45,
  0xCC, 0x73, 0x18, 0xCC, 0xFD, 0x65, 0x93, 0xA4, 0x39, 0xC2, 0xFA, 0xD4, 0xA0, 0x16, 0xFE, 0x6D, 0xB7, 0xF9, 0xDF, 0x7E,
  0xBF, 0x52, 0x29, 0xE8, 0x83, 0xC6, 0x86, 0x98, 0xAE, 0xB5, 0x33, 0x0F, 0x75, 0xB3, 0xA9, 0x97, 0x1A, 0x38, 0x75, 0x09,
  0x63, 0x93, 0xCA, 0x1B, 0xC9, 0x00, 0x53, 0x3F, 0x8A, 0xF2, 0xE5, 0x6D, 0xA1, 0x7D, 0xA7, 0x5F, 0x55, 0xCB, 0x75, 0xA1,
  0x6C, 0xC3, 0xAE, 0x99, 0x0E, 0xC6, 0xC6, 0xA0, 0x97, 0xDB, 0x2A, 0xB6, 0xD1, 0x56, 0x81, 0x23, 0xAE, 0xD7, 0xE5, 0x0C,
  0x8C, 0x91, 0xF3, 0xF6, 0x80, 0x49, 0x34, 0xD7, 0x18, 0xBC, 0xE8, 0xDC, 0x3D, 0xFC, 0xD6, 0x92, 0xE1, 0xD7, 0xE4, 0xF0,
  0x71, 0x1B, 0x9D, 0xE8, 0x80, 0x83, 0xEF, 0xAC, 0xB5, 0x6A, 0xB5, 0xA9, 0x96, 0xB1, 0xA0, 0xB8, 0x6B, 0x2A, 0x95, 0x66,
  0xF3, 0xB4, 0xD6, 0x7C, 0xC2, 0xB1, 0x59, 0xB8, 0xCD, 0x43, 0x7B, 0x5C, 0xF1, 0x86, 0xA7, 0xDB, 0x56, 0xD1, 0xCA, 0xB0,
  0x69, 0xE3, 0x89, 0x6A, 0x56, 0x12, 0xFB, 0xD2, 0xA3, 0xFD, 0xA3, 0xB3, 0x86, 0xC5, 0xFB, 0xC8, 0x13, 0xCE, 0xDE, 0x59,
  0xDC, 0x35, 0x48, 0x43, 0x8A, 0x6B, 0x50, 0xE1, 0x47, 0xEC, 0x88, 0xC8, 0x8A, 0x62, 0x4B, 0x24, 0xFD, 0xDD, 0x20, 0xD5,
  0xE7, 0x2E, 0xC3, 0xE3, 0xB9, 0xB3, 0x5B, 0x44, 0x85, 0xEE, 0x4A, 0xEA, 0xE3, 0xED, 0xCF, 0x61, 0xBB, 0xDA, 0xAC, 0x85,
  0x9F, 0x8C, 0xD8, 0xC8, 0x2F, 0xCF, 0x4B, 0xAA, 0x35, 0xDA, 0x06, 0xF2, 0xEB, 0xC5, 0x4A, 0xAB, 0xDE, 0xAB, 0x37, 0xB5,
  0xEF, 0x15, 0xAF, 0xBD, 0xDD, 0xD6, 0xBF, 0x0F, 0x1A, 0x9E, 0x97, 0x7C, 0xAF, 0x57, 0x9B, 0xCD, 0xC1, 0x4E, 0xF2, 0x5D,
  0x18, 0xCE, 0xAC, 0xF6, 0xF8, 0xD7, 0x82, 0x7D, 0x02, 0x44, 0x74, 0xA2, 0xAE, 0xE8, 0x84, 0x65, 0x2D, 0xE3, 0xD3, 0x61,
  0x4D, 0xB7, 0x8A, 0xC9, 0x39, 0x92, 0x89, 0x49, 0x1A, 0x00, 0x60, 0xE1, 0x79, 0xA7, 0x4E, 0x1A, 0xF2, 0x04, 0x93, 0x9A,
  0x0C, 0x63, 0x2E, 0x64, 0x6F, 0xF2, 0xA1, 0x9E, 0xE2, 0xAF, 0xE6, 0xD2, 0xA6, 0x70, 0xE0, 0x4B, 0x1B, 0x83, 0xED, 0xA1,
  0xB7, 0x46, 0x28, 0xF9, 0x58, 0x46, 0x46, 0xB3, 0xE7, 0xC8, 0xF1, 0x01, 0xC8, 0x2B, 0x77, 0x91, 0x27, 0x49, 0x4C, 0x08,
  0xFB, 0xBE, 0x37, 0x3D, 0x1F, 0x22, 0xEC, 0x58, 0x78, 0x50, 0xA9, 0xF7, 0xB6, 0xEB, 0xFA, 0xF7, 0xD6, 0xCE, 0x4E, 0xC3,
  0xC0, 0x8B, 0x96, 0xD7, 0xD2, 0xBF, 0x6F, 0x6F, 0xF7, 0x5A, 0x76, 0xFD, 0x47, 0x5A, 0x77, 0x1A, 0x3C, 0xAB, 0xAF, 0xBF,
  0xEC, 0xC9, 0x6C, 0xBF, 0x12, 0x6C, 0xB7, 0x1F, 0xEB, 0xA2, 0x3F, 0xBE, 0x35, 0xDF, 0x76, 0x2D, 0x39, 0x37, 0x85, 0xDC,
  0x43, 0xF1, 0xE3, 0xEC, 0x16, 0xFB, 0xF2, 0xC6, 0x7B, 0x0C, 0x08, 0xCE, 0x0D, 0x90, 0x47, 0x6E, 0x82, 0x88, 0xFF, 0xCE,
  0xE2, 0x33, 0xB6, 0x45, 0x24, 0x82, 0x08, 0xC4, 0x67, 0x12, 0x2D, 0x66, 0x20, 0x4D, 0xF6, 0xFD, 0xAF, 0x84, 0x17, 0x48,
  0x41, 0x2B, 0x15, 0x3C, 0x97, 0xB5, 0x1F, 0xD5, 0xF4, 0x67, 0x78, 0x98, 0x50, 0x73, 0x3F, 0x6B, 0xEB, 0xCF, 0x90, 0x1C,
  0x0F, 0x87, 0xCE, 0x67, 0x08, 0x35, 0x1D, 0x7F, 0x34, 0x0C, 0xE1, 0xF3, 0x60, 0x00, 0xE5, 0x68, 0x29, 0x62, 0x68, 0xF3,
  0x85, 0x0E, 0x58, 0xBD, 0x29, 0x97, 0xC1, 0xB5, 0x62, 0x0D, 0x05, 0x66, 0x81, 0x00, 0x45, 0xD6, 0x5E, 0x52, 0x41, 0xDF,
  0x8A, 0xD6, 0x22, 0x2F, 0x6F, 0xDD, 0xB9, 0x88, 0x77, 0x17, 0x9F, 0xC1, 0x72, 0xA1, 0xC9, 0xFB, 0x16, 0x03, 0xB1, 0xF2,
  0xDE, 0xE2, 0xF7, 0xB0, 0x9D, 0xEF, 0x93, 0x1A, 0x62, 0xAC, 0x1D, 0xB0, 0x58, 0x2F, 0x1A, 0xFD, 0x4B, 0xAC, 0x60, 0xA5,
  0x59, 0x69, 0x56, 0xDD, 0xCF, 0x1E, 0xDB, 0x0A, 0xD2, 0x64, 0x58, 0xB9, 0x1D, 0xB1, 0x28, 0xF6, 0x67, 0x00, 0xA6, 0xA2,
  0x3F, 0x1D, 0x14, 0xD6, 0x58, 0xD2, 0x04, 0x0A, 0x4B, 0x81, 0xDE, 0x32, 0x57, 0xA8, 0xB6, 0x64, 0x35, 0x6B, 0xE6, 0x6A,
  0xD6, 0x9A, 0xEB, 0xB7, 0x5B, 0xDF, 0x5E, 0xBF, 0xDD, 0xE6, 0x92, 0xF1, 0x92, 0x11, 0x45, 0x2B, 0xDB, 0xAA, 0xAD, 0x3F,
  0x86, 0xED, 0xE6, 0xFA, 0x63, 0x68, 0x6F, 0x9F, 0x03, 0x66, 0x95, 0x35, 0x07, 0xAC, 0xF4, 0xE7, 0xDF, 0x90, 0xFE, 0x7C,
  0x77, 0xF1, 0xF0, 0xEC, 0x86, 0x44, 0xDD, 0x89, 0x1F, 0xFB, 0xE1, 0xDC, 0x94, 0xCE, 0x40, 0x65, 0x5B, 0xEF, 0xF8, 0x55,
  0xD4, 0xEE, 0xAC, 0x73, 0xF6, 0x20, 0x8E, 0x50, 0x35, 0x43, 0x11, 0x3F, 0x1F, 0x58, 0xA5, 0xE8, 0x68, 0x56, 0x16, 0x14,
  0xA3, 0x87, 0xF2, 0xFC, 0xCF, 0x90, 0xA5, 0xF9, 0x38, 0x38, 0xD1, 0xB1, 0x04, 0xDA, 0x2E, 0x99, 0xED, 0x4B, 0xD4, 0x31,
  0x6A, 0xA0, 0x15, 0x4B, 0xC2, 0x15, 0x00, 0x00, 0x50, 0x26, 0x05, 0xB9, 0x70, 0x4A, 0xDF, 0xF1, 0xD3, 0x69, 0x62, 0x80,
  0x10, 0xA6, 0x99, 0x8F, 0x00, 0x84, 0x48, 0x12, 0x1E, 0x2E, 0xBE, 0x48, 0xD4, 0xCB, 0x79, 0xD8, 0xF3, 0x2D, 0x89, 0x76,
  0xA8, 0x0F, 0x92, 0x97, 0x20, 0xC5, 0xDE, 0xB9, 0xA5, 0xAC, 0x81, 0x89, 0x06, 0x53, 0x52, 0xF2, 0x30, 0x2D, 0x62, 0x57,
  0x2A, 0xA7, 0xDA, 0x79, 0xDE, 0xDD, 0xC5, 0xEF, 0xCF, 0xDE, 0x3E, 0xFB, 0x09, 0x49, 0x9F, 0x30, 0xC2, 0xDF, 0x23, 0x9F,
  0x91, 0xA3, 0x9C, 0xEF, 0x4F, 0xA7, 0xC1, 0x74, 0xCF, 0xA8, 0x5E, 0xAD, 0x56, 0xD7, 0x5D, 0x6F, 0x51, 0xFD, 0x1C, 0x0B,
  0xDE, 0xB6, 0xD7, 0x7B, 0x1D, 0x53, 0xAF, 0x65, 0x82, 0x20, 0xC3, 0xB4, 0x43, 0x19, 0x87, 0xD1, 0xB0, 0x6A, 0xD6, 0x82,
  0x73, 0x37, 0x1C, 0x43, 0x73, 0xDD, 0x9F, 0x26, 0xCB, 0xDC, 0x5E, 0xB2, 0xCA, 0xEF, 0xD3, 0xB9, 0x26, 0x97, 0xE5, 0xE9,
  0xE8, 0x13, 0x96, 0x5B, 0x02, 0x70, 0x8A, 0x53, 0x89, 0xAE, 0x1F, 0xDB, 0x0B, 0xD0, 0xAE, 0x36, 0xF4, 0xA1, 0xC9, 0x62,
  0x52, 0x54, 0xCA, 0x5A, 0x64, 0xD5, 0x9C, 0x34, 0x10, 0xA4, 0x0C, 0xB5, 0x34, 0x79, 0xFA, 0x85, 0x36, 0x27, 0x82, 0x04,
  0xEE, 0x02, 0xFE, 0x92, 0xCE, 0x87, 0x9B, 0xDA, 0xBB, 0xB4, 0x35, 0xAA, 0x5E, 0x10, 0x65, 0x9B, 0xD4, 0x46, 0x45, 0x1E,
  0xD9, 0x89, 0x86, 0xEC, 0x33, 0xEA, 0xAC, 0x4E, 0xD3, 0x0D, 0xD7, 0x0A, 0x59, 0x83, 0xD0, 0x06, 0x98, 0xEE, 0x34, 0xDD,
  0x10, 0x3F, 0xCE, 0xE6, 0xA0, 0xFF, 0x35, 0xB0, 0xD6, 0x4F, 0x51, 0x95, 0x92, 0xF0, 0x06, 0x66, 0xE2, 0x3F, 0x32, 0x79,
  0xA2, 0xCA, 0xE7, 0x40, 0xD6, 0x46, 0x36, 0x71, 0xBA, 0x08, 0x6C, 0xD8, 0xE5, 0x88, 0x44, 0xCF, 0xB5, 0x85, 0xA7, 0x2E,
  0x89, 0x6D, 0xBA, 0x24, 0xE4, 0x44, 0xBF, 0xE7, 0x58, 0x6A, 0x13, 0x23, 0x3E, 0x5B, 0x89, 0x95, 0x15, 0x0D, 0x43, 0xFB,
  0xDE, 0xB8, 0x9F, 0x27, 0xD9, 0xB6, 0xC4, 0x60, 0x98, 0x1A, 0xC8, 0xDE, 0x05, 0x4A, 0xF4, 0xC5, 0xD9, 0x3B, 0xE4, 0x0A,
  0xAA, 0xF6, 0x39, 0x67, 0xC2, 0xF6, 0x2E, 0x37, 0xD4, 0x7F, 0x62, 0xEF, 0xCD, 0xF5, 0x68, 0x11, 0x6F, 0xCE, 0x22, 0x3B,
  0xD0, 0x22, 0x0C, 0xD0, 0x7C, 0xC6, 0x7D, 0x32, 0x4E, 0x6B, 0x8E, 0xA2, 0xF5, 0xF5, 0xEC, 0x05, 0x58, 0x74, 0xDB, 0x7A,
  0x26, 0x8E, 0x1A, 0x53, 0x26, 0x03, 0x2C, 0xAB, 0xD9, 0xCF, 0x3F, 0x5D, 0x7C, 0x44, 0xAE, 0x0B, 0x0F, 0xC4, 0xDE, 0xE5,
  0x36, 0x61, 0xEF, 0xE0, 0xAB, 0x19, 0x85, 0xA1, 0x3E, 0x59, 0x85, 0x1F, 0xBF, 0x45, 0xD8, 0xB0, 0x06, 0xDB, 0xE6, 0xDF,
  0x1A, 0x3F, 0xEC, 0xC6, 0xEE, 0x61, 0x98, 0xF1, 0xF1, 0x23, 0x7A, 0x38, 0x65, 0xB8, 0xFE, 0xE8, 0x3E, 0xA1, 0xB5, 0xCC,
  0xC3, 0x0E, 0xEE, 0xC4, 0xDC, 0x19, 0xC0, 0xE2, 0xFB, 0x03, 0x76, 0x21, 0x98, 0xA0, 0xE7, 0xBB, 0x37, 0x8D, 0xD5, 0xF9,
  0x4F, 0xB9, 0xA5, 0x40, 0x44, 0xC7, 0x3B, 0x89, 0x17, 0x62, 0x43, 0xF3, 0x09, 0x6A, 0x64, 0xF8, 0x53, 0x98, 0x9E, 0x63,
  0xED, 0xF5, 0x4E, 0xB3, 0x6A, 0x05, 0xD9, 0x65, 0x62, 0x7A, 0xD6, 0x6C, 0xCD, 0xE9, 0x73, 0x0A, 0x2C, 0x8A, 0x6E, 0xD6,
  0xAB, 0xFD, 0x28, 0x75, 0x43, 0x75, 0x4D, 0x3B, 0xDB, 0x43, 0x9F, 0xEB, 0xCF, 0x40, 0xF2, 0x47, 0xB2, 0x84, 0x3A, 0x9C,
  0x14, 0xFC, 0xE3, 0x60, 0x42, 0x1E, 0x2E, 0x83, 0xBD, 0xE4, 0x64, 0xC6, 0x70, 0xAA, 0xB4, 0x5D, 0x53, 0x74, 0x0B, 0x7A,
  0x2D, 0xD3, 0x3F, 0xC5, 0x74, 0xF5, 0x11, 0xE3, 0xBC, 0xE8, 0x6D, 0xB7, 0x7B, 0x43, 0xCF, 0x02, 0x23, 0x2D, 0x9D, 0x44,
  0xA3, 0x06, 0x52, 0x59, 0xE5, 0xDA, 0x90, 0xF8, 0xF7, 0x65, 0x98, 0xE3, 0x89, 0xAC, 0xB4, 0xB5, 0x69, 0xFE, 0x23, 0x69,
  0xA8, 0xE8, 0xC9, 0x73, 0x53, 0xD8, 0xD0, 0xC5, 0x16, 0x8A, 0xFA, 0xA3, 0xD2, 0x38, 0x88, 0xE2, 0x75, 0x50, 0x90, 0xB6,
  0x8E, 0x30, 0xF2, 0x63, 0x3D, 0xDA, 0x3A, 0xE6, 0x42, 0x57, 0x0C, 0xC4, 0x67, 0xD5, 0x96, 0xFB, 0x64, 0x53, 0xDB, 0x10,
  0x02, 0xDD, 0xF0, 0x40, 0xAD, 0xA8, 0x9F, 0x59, 0xA8, 0x13, 0x36, 0xD1, 0x51, 0x67, 0x84, 0x6C, 0xC0, 0x3C, 0xD6, 0xE0,
  0x20, 0x6D, 0x6D, 0x17, 0xAB, 0xF5, 0x1D, 0xC0, 0x20, 0xEE, 0x19, 0x24, 0x2B, 0xC1, 0x84, 0xD0, 0xD3, 0x7F, 0x60, 0xB8,
  0x5E, 0x88, 0x77, 0x7C, 0x5D, 0x2D, 0xF7, 0x0E, 0xDB, 0x7B, 0x57, 0x39, 0x15, 0xC3, 0x44, 0xDA, 0xA9, 0x79, 0xE0, 0x34,
  0xDC, 0xFE, 0xBD, 0xD4, 0x83, 0xE9, 0x2D, 0x4B, 0x03, 0xAD, 0x37, 0x8A, 0xD5, 0x9D, 0xED, 0xE2, 0x4E, 0x83, 0x1F, 0xDB,
  0x8A, 0xB5, 0x6F, 0xB7, 0xFC, 0xA1, 0xD7, 0xCF, 0x40, 0x17, 0xAD, 0x4A, 0x2D, 0x99, 0x59, 0x38, 0x1C, 0xA6, 0x1A, 0xAF,
  0x01, 0x04, 0x5A, 0x6D, 0xFC, 0x5F, 0x6F, 0x7C, 0xD8, 0xF7, 0x9A, 0x5E, 0x33, 0xCB, 0x57, 0x2A, 0xA9, 0xA2, 0x35, 0x0E,
  0xDB, 0xDC, 0x71, 0x04, 0xDB, 0xB4, 0x8E, 0x60, 0x35, 0xDC, 0xA4, 0x07, 0x1A, 0x7C, 0xE8, 0xFD, 0xF2, 0x13, 0x47, 0x72,
  0x0B, 0xF6, 0x8E, 0x89, 0xA4, 0xAC, 0x58, 0x04, 0xE1, 0x55, 0xA0, 0xA9, 0x16, 0xB5, 0xDA, 0x3A, 0x9E, 0xCF, 0xE7, 0x74,
  0x97, 0x4C, 0x81, 0xD3, 0x3E, 0x23, 0xCD, 0xF0, 0xCC, 0xE6, 0x93, 0x90, 0xFE, 0x8E, 0x29, 0x9A, 0xA0, 0xA3, 0x66, 0x2D,
  0x59, 0x96, 0x7E, 0xA3, 0xD7, 0x1C, 0x0E, 0xB2, 0x48, 0x84, 0x5E, 0xA9, 0x91, 0xAC, 0x0B, 0x74, 0x85, 0x2E, 0xAB, 0xA6,
  0x0F, 0x4B, 0xBD, 0xBD, 0x14, 0x18, 0xE7, 0x84, 0xC2, 0x72, 0x37, 0xAA, 0x8C, 0x43, 0xF3, 0x65, 0x6B, 0x5D, 0x2D, 0x3C,
  0x0A, 0x64, 0x75, 0xF2, 0xA0, 0x51, 0x01, 0x01, 0x01, 0x07, 0xB0, 0x2D, 0x5F, 0x18, 0xDD, 0x5F, 0xD4, 0xA6, 0x16, 0x96,
  0xFC, 0x9C, 0xF6, 0x94, 0x49, 0x3C, 0xD0, 0x79, 0x7B, 0xA5, 0x3D, 0x90, 0x3C, 0xD5, 0x2A, 0x40, 0xDF, 0xFA, 0x2A, 0x28,
  0x62, 0x57, 0xCB, 0xF0, 0x2A, 0xFC, 0xB3, 0x81, 0x68, 0xC9, 0xB1, 0xAC, 0x63, 0xA9, 0x1E, 0x11, 0x1F, 0xA4, 0xF3, 0x85,
  0x7B, 0x3D, 0x04, 0x2C, 0xC4, 0x7A, 0xAC, 0xA2, 0x78, 0x6D, 0x37, 0xC5, 0xD3, 0xD7, 0x46, 0x2B, 0xDE, 0x28, 0x64, 0xF5,
  0xB2, 0x82, 0xF6, 0xB5, 0xDD, 0xB4, 0xCF, 0x40, 0x81, 0xA4, 0x38, 0xEF, 0x06, 0x83, 0xCE, 0x68, 0x55, 0xB5, 0x86, 0xC9,
  0x37, 0xCB, 0xF0, 0xF7, 0x4E, 0xAF, 0x81, 0x05, 0x64, 0x89, 0x0C, 0x2D, 0xA7, 0x5B, 0x99, 0x09, 0xC3, 0x47, 0x5C, 0x11,
  0x7D, 0xB4, 0x82, 0x21, 0x8A, 0xD9, 0x8A, 0xF8, 0xA8, 0xE5, 0xA8, 0xB4, 0xCD, 0xA1, 0x7A, 0x18, 0xC4, 0xFD, 0x91, 0xC3,
  0x91, 0xD5, 0x29, 0xE7, 0x08, 0x91, 0x4F, 0x53, 0x9F, 0x6A, 0xCA, 0xFF, 0x26, 0x1A, 0xCD, 0x83, 0xE9, 0x75, 0xD2, 0x74,
  0x44, 0xAB, 0x8C, 0x3C, 0x8C, 0x4E, 0x6C, 0x1F, 0xA2, 0x8A, 0xAC, 0x5B, 0x49, 0x5C, 0x00, 0x1D, 0xAE, 0x47, 0xB6, 0xD7,
  0x04, 0x9A, 0x74, 0x84, 0x32, 0x25, 0xFC, 0x5B, 0x2B, 0x5D, 0x25, 0x68, 0x2C, 0x9D, 0x2A, 0xE2, 0x81, 0x0E, 0xF1, 0x7A,
  0x64, 0x4B, 0x57, 0x0D, 0xDD, 0x1D, 0xB1, 0xD3, 0xF3, 0x87, 0xE1, 0xDC, 0x77, 0x0D, 0x29, 0xD1, 0x2C, 0xA5, 0x4C, 0x9D,
  0xB8, 0x29, 0xD2, 0x47, 0xE9, 0x3A, 0x2A, 0x47, 0x56, 0x37, 0xFD, 0x60, 0x89, 0x0E, 0x2D, 0x1D, 0x0A, 0x10, 0x6C, 0xE9,
  0x9A, 0xD5, 0xE9, 0x8F, 0xFC, 0xFE, 0x75, 0x7F, 0xB0, 0x29, 0x61, 0x94, 0x49, 0xE4, 0x5C, 0x66, 0x14, 0x27, 0xD9, 0x72,
  0xB6, 0x2B, 0xE7, 0x9B, 0x38, 0x92, 0xF0, 0xE0, 0x45, 0x50, 0x98, 0xFE, 0x22, 0x8F, 0x82, 0x67, 0xC1, 0x11, 0xD7, 0x21,
  0x14, 0x50, 0x2B, 0x6E, 0x02, 0x75, 0x69, 0x43, 0xD9, 0xD1, 0x37, 0x8D, 0x45, 0x12, 0x1B, 0xA6, 0x00, 0xDB, 0x74, 0x08,
  0xB0, 0xE4, 0xF0, 0xBF, 0xDC, 0x79, 0xA6, 0x26, 0x4E, 0x26, 0x0D, 0x42, 0x9F, 0x05, 0x27, 0xE1, 0xBD, 0x0D, 0xDB, 0x25,
  0xD3, 0x77, 0x86, 0xEF, 0x0A, 0xA4, 0x31, 0x7B, 0xA3, 0x10, 0x24, 0xE1, 0x15, 0xCA, 0xE0, 0x0A, 0x62, 0x6E, 0x87, 0xE9,
  0xC9, 0xB6, 0x07, 0xE8, 0xCF, 0x31, 0x5F, 0xE6, 0x17, 0x21, 0x63, 0x24, 0xF9, 0x56, 0x2E, 0x5E, 0xEC, 0xED, 0x54, 0xFB,
  0xD5, 0xBE, 0x6A, 0x20, 0x9A, 0xC0, 0xEC, 0x4F, 0x74, 0x3F, 0x2F, 0x1B, 0x9E, 0x89, 0xCF, 0x37, 0x06, 0xC5, 0xD1, 0x0A,
  0x6A, 0x0E, 0x7F, 0xE8, 0x22, 0xF9, 0x46, 0x51, 0x7B, 0x30, 0xF3, 0xA2, 0xE8, 0x10, 0xE6, 0x64, 0x3C, 0x44, 0xBD, 0xE7,
  0x8D, 0x62, 0xE4, 0x8F, 0x41, 0xF4, 0xCF, 0x5C, 0xE6, 0x9A, 0xEC, 0xFC, 0x91, 0x59, 0x9E, 0xED, 0x62, 0x5B, 0x19, 0x56,
  0x86, 0xD5, 0x76, 0x3A, 0xC6, 0xD1, 0xC2, 0x16, 0x4D, 0x04, 0x45, 0x2A, 0xBB, 0xD4, 0x23, 0x97, 0x66, 0x92, 0xC4, 0x66,
  0x72, 0xDF, 0x98, 0x96, 0x85, 0x72, 0x6D, 0x40, 0xB9, 0x94, 0x9F, 0xB1, 0x2D, 0xD7, 0xD7, 0x74, 0x7D, 0xBE, 0x22, 0xE7,
  0x4E, 0xFD, 0x71, 0x40, 0xB1, 0x70, 0x86, 0xE8, 0x69, 0xDA, 0x2F, 0x78, 0x84, 0xAD, 0x24, 0xCF, 0x14, 0x5D, 0xAB, 0xB6,
  0xE3, 0x30, 0xEC, 0xEF, 0x47, 0x02, 0xCA, 0xFC, 0x8B, 0xD3, 0x5F, 0x0B, 0xCA, 0x53, 0x08, 0x48, 0x79, 0x38, 0x4E, 0x6C,
  0x1C, 0x9C, 0x2C, 0x5B, 0xCB, 0xBE, 0x5C, 0xE1, 0xAD, 0xEA, 0x1A, 0xEF, 0x87, 0x42, 0x0D, 0x44, 0x47, 0x6E, 0xF8, 0xC3,
  0x4F, 0x0D, 0xC4, 0x51, 0xE5, 0xD4, 0x8F, 0x1F, 0x93, 0x1F, 0x62, 0xA6, 0x44, 0x94, 0xB1, 0xB9, 0xB4, 0xD1, 0xB6, 0x97,
  0xFA, 0xCF, 0x09, 0x01, 0x04, 0x46, 0x9A, 0xBD, 0xA3, 0xC9, 0xF3, 0x12, 0x8B, 0xB0, 0xF2, 0xB4, 0x14, 0x45, 0xC1, 0xC0,
  0xE1, 0x75, 0x28, 0x5F, 0xCF, 0xE1, 0xFD, 0x5A, 0x61, 0x98, 0xD2, 0x7E, 0x4C, 0x31, 0x33, 0x67, 0xB7, 0xF0, 0xC0, 0xF0,
  0x01, 0xC5, 0xD2, 0xD0, 0xA1, 0xA1, 0x38, 0x10, 0xE6, 0xB6, 0x03, 0xAF, 0xD7, 0xF3, 0xE6, 0x66, 0x64, 0xCC, 0x30, 0x38,
  0x22, 0xE3, 0xB7, 0x60, 0x5E, 0x16, 0x53, 0xFB, 0x41, 0x29, 0x98, 0x0E, 0x40, 0xA2, 0x6C, 0x56, 0xD2, 0x21, 0x32, 0xEE,
  0x25, 0xF0, 0x08, 0x86, 0xCE, 0x20, 0x99, 0x6A, 0xB3, 0x08, 0xFF, 0xD7, 0x40, 0x8A, 0xDA, 0xA9, 0x65, 0xC5, 0x1B, 0xB6,
  0x64, 0xBC, 0xE1, 0xBA, 0x4A, 0xDB, 0x76, 0xC1, 0x8C, 0xA3, 0xE3, 0xD6, 0x08, 0x4E, 0x5D, 0xF9, 0x7C, 0x19, 0xFE, 0xE5,
  0xFB, 0x8D, 0x0B, 0xC7, 0x8F, 0x1E, 0xB6, 0x57, 0x4F, 0x87, 0xFF, 0x3C, 0x82, 0x3C, 0x66, 0x45, 0x7A, 0x18, 0x38, 0xD4,
  0x8C, 0xD2, 0x63, 0xD7, 0xA2, 0xDE, 0x6A, 0x96, 0xB8, 0x63, 0x95, 0x94, 0x2A, 0x88, 0x61, 0xBE, 0x51, 0x28, 0xF2, 0xCF,
  0xDC, 0x23, 0x00, 0xFD, 0x01, 0x18, 0xA0, 0xC7, 0xE7, 0x8B, 0xFB, 0xF0, 0xE5, 0x13, 0x2D, 0x70, 0xA2, 0x8F, 0xDE, 0x7C,
  0x6A, 0x9F, 0xF1, 0x48, 0x05, 0x65, 0xBD, 0x1D, 0x7A, 0x03, 0x3C, 0x47, 0x6A, 0x26, 0x61, 0x75, 0xBC, 0xBC, 0xEC, 0xD3,
  0x20, 0x03, 0xA6, 0x29, 0x17, 0xAB, 0x9E, 0x0C, 0xE7, 0xE1, 0x44, 0x93, 0xBF, 0x1C, 0x1C, 0xFE, 0x2F, 0xF3, 0xB8, 0x76,
  0x85, 0xD3, 0x38, 0x4C, 0x5C, 0x14, 0xDD, 0xE5, 0x2A, 0x9A, 0x29, 0xFA, 0x97, 0x30, 0x09, 0x8A, 0x10, 0xE3, 0x79, 0x09,
  0xC4, 0x54, 0x42, 0xA0, 0x7A, 0x69, 0xFA, 0xA9, 0x24, 0x61, 0x79, 0x42, 0x90, 0xA1, 0x3E, 0x63, 0x75, 0x56, 0xEE, 0x05,
  0x7A, 0x54, 0x4E, 0xA3, 0x95, 0x0E, 0xAA, 0xD5, 0xC8, 0xD7, 0xB5, 0xD0, 0x8B, 0x62, 0xEA, 0xFC, 0x62, 0x8C, 0x1F, 0x4F,
  0xDC, 0x3B, 0x6C, 0xA7, 0x25, 0x25, 0x33, 0x54, 0x87, 0x9D, 0x62, 0x4E, 0x09, 0xDE, 0x14, 0x98, 0x36, 0xDB, 0xBA, 0x0A,
  0xC2, 0x75, 0xD0, 0xF1, 0x75, 0xD8, 0x5A, 0xCD, 0xD0, 0x3D, 0x0D, 0x6E, 0x49, 0x40, 0x48, 0xC7, 0x15, 0xDB, 0x1C, 0x1C,
  0xBF, 0x26, 0x6B, 0x27, 0x10, 0xB9, 0xE4, 0x1F, 0x00, 0x58, 0x23, 0x8E, 0x28, 0x86, 0x24, 0x09, 0x58, 0x2C, 0x29, 0x47,
  0xD5, 0x3C, 0xC2, 0x30, 0x62, 0x8E, 0x4F, 0x25, 0xB0, 0xCA, 0xD1, 0x28, 0x3C, 0x5C, 0xBE, 0xE8, 0x0E, 0xB8, 0x54, 0xB4,
  0x06, 0xFC, 0xB9, 0x65, 0x82, 0xE3, 0x1D, 0xC1, 0x63, 0xAD, 0x50, 0x78, 0xDD, 0x55, 0x86, 0x87, 0x83, 0xC3, 0xAA, 0xD3,
  0xFA, 0x9F, 0xAC, 0x13, 0x7E, 0x51, 0x8E, 0x66, 0xC1, 0xF4, 0x64, 0x89, 0x5A, 0x52, 0xD5, 0xA2, 0x4D, 0xD6, 0x0D, 0x99,
  0x50, 0x92, 0x1C, 0x12, 0xBD, 0xD2, 0x32, 0x0B, 0x6C, 0xD3, 0xF0, 0xA1, 0x8D, 0x66, 0xAE, 0x03, 0xC9, 0xAC, 0x90, 0x79,
  0x6D, 0x5B, 0x46, 0xB3, 0x13, 0xD8, 0x6A, 0x09, 0xAC, 0xE7, 0x61, 0x0C, 0x70, 0xCD, 0xD7, 0x29, 0x62, 0x5D, 0xEC, 0xB0,
  0xF2, 0x30, 0x52, 0x01, 0xC9, 0xAB, 0x74, 0xB8, 0xF3, 0x88, 0x58, 0xE9, 0xC8, 0x87, 0x8C, 0x18, 0x89, 0x55, 0xFA, 0x28,
  0xB6, 0x96, 0x61, 0x25, 0x58, 0x4D, 0x89, 0x2D, 0xDD, 0x57, 0xF8, 0xB4, 0x47, 0x69, 0x2D, 0xD6, 0x12, 0xE5, 0x9D, 0xF1,
  0x2E, 0x49, 0x5D, 0x8D, 0x60, 0x57, 0xF5, 0xB3, 0x68, 0x69, 0xF8, 0xE6, 0x84, 0xEB, 0x3D, 0x10, 0x71, 0x6E, 0x0A, 0xAF,
  0xD0, 0x2F, 0x90, 0x65, 0x23, 0xE7, 0x46, 0x82, 0x7C, 0x67, 0xF1, 0x05, 0x45, 0xC7, 0x72, 0xCE, 0x0D, 0x0F, 0xEE, 0x73,
  0x27, 0xA0, 0x87, 0x14, 0xE9, 0x8A, 0x01, 0xB0, 0x37, 0x92, 0xF0, 0x83, 0x51, 0xC8, 0xB3, 0xF5, 0x14, 0x59, 0x39, 0xF2,
  0x29, 0x17, 0x08, 0x3B, 0x51, 0x7C, 0x5A, 0xE6, 0x70, 0x89, 0xBA, 0xDC, 0x7F, 0xE3, 0xDF, 0x4E, 0xFC, 0x41, 0xE0, 0xB1,
  0x7C, 0x12, 0xA4, 0xC4, 0xB6, 0x5B, 0x18, 0x4C, 0xCA, 0x68, 0x81, 0x29, 0xA3, 0x05, 0x54, 0x4F, 0x72, 0x5A, 0xB0, 0x1D,
  0x4A, 0x6A, 0xA1, 0x62, 0x08, 0x58, 0x9D, 0x88, 0x46, 0x9B, 0x4E, 0x6A, 0xE9, 0x0D, 0x39, 0xB4, 0x89, 0xCC, 0x11, 0x58,
  0x53, 0xA7, 0x8F, 0x8C, 0xC4, 0x5A, 0xA3, 0xC8, 0xA8, 0x0A, 0xA5, 0x92, 0xFD, 0xC4, 0x88, 0xA1, 0xF1, 0x12, 0xF8, 0x83,
  0x70, 0xF9, 0x05, 0xF1, 0xA5, 0x8F, 0x39, 0x44, 0xA0, 0x04, 0x23, 0x9F, 0x87, 0xFB, 0x34, 0x7D, 0xA9, 0xEC, 0x31, 0x76,
  0x11, 0xB8, 0x4F, 0x09, 0x27, 0x2F, 0xF8, 0x0F, 0x13, 0x5E, 0x29, 0x6A, 0xEA, 0x74, 0xE4, 0xC6, 0x9F, 0xB9, 0x0F, 0xDE,
  0x18, 0x9D, 0xBC, 0x95, 0xF1, 0xEC, 0x4D, 0x14, 0x03, 0x0E, 0x9F, 0x10, 0x44, 0xC6, 0x74, 0x6C, 0x63, 0x51, 0xEC, 0xCD,
  0xE3, 0xC4, 0x85, 0x4F, 0xC1, 0x3D, 0xD5, 0x2F, 0x21, 0xAA, 0xF0, 0x90, 0x31, 0x65, 0x0B, 0x26, 0x84, 0x0B, 0xAD, 0x37,
  0x15, 0xA4, 0x71, 0x6A, 0xCC, 0x89, 0x69, 0x59, 0x09, 0x64, 0x07, 0xDA, 0xE9, 0x19, 0xAB, 0xED, 0x24, 0xA3, 0x3C, 0x77,
  0xC7, 0xF6, 0x6E, 0x61, 0xDA, 0x4E, 0x12, 0x5E, 0x3E, 0x24, 0x2D, 0x24, 0x6E, 0xCB, 0x67, 0xEF, 0x74, 0x18, 0xF0, 0xD8,
  0x7B, 0x8B, 0x8F, 0x84, 0x47, 0x9A, 0x10, 0xCF, 0x29, 0xA5, 0xC2, 0xC3, 0xB3, 0xB7, 0x58, 0x1D, 0xB1, 0xF4, 0x21, 0x6B,
  0xEA, 0x4B, 0x25, 0xC5, 0x0A, 0x80, 0x95, 0x08, 0x91, 0x91, 0x33, 0xC9, 0x58, 0x8E, 0xB9, 0x3F, 0xF3, 0xBD, 0x38, 0x8F,
  0x2A, 0x22, 0x85, 0x98, 0x16, 0x71, 0xCA, 0x80, 0x8A, 0xF9, 0x2A, 0xE2, 0x60, 0x11, 0x97, 0x4B, 0xA4, 0xCB, 0x70, 0x00,
  0x4F, 0x8E, 0x3A, 0x75, 0x20, 0xDB, 0xD1, 0xF7, 0xD4, 0x3D, 0x89, 0x56, 0xFA, 0x0C, 0xE4, 0x20, 0xC5, 0x99, 0xED, 0xA3,
  0x8E, 0xB2, 0xD6, 0x5A, 0x7F, 0x94, 0x8E, 0x53, 0xAF, 0x8E, 0x63, 0x48, 0xF2, 0x0C, 0xEC, 0x11, 0x70, 0x3B, 0x73, 0x98,
  0xF5, 0x5A, 0xC6, 0x30, 0x1B, 0xE9, 0x61, 0xBE, 0x8F, 0xC3, 0x14, 0xDE, 0x47, 0x9F, 0xE1, 0xDE, 0x5B, 0xBE, 0x1B, 0x81,
  0xFE, 0x7C, 0xC5, 0xCD, 0xF8, 0x68, 0x5B, 0x51, 0xD1, 0xBD, 0xC7, 0xB5, 0x13, 0xE5, 0xFC, 0x6F, 0x0B, 0x4A, 0x74, 0xE7,
  0xEC, 0x67, 0x67, 0x3F, 0xE1, 0xF4, 0xF9, 0x0B, 0x5A, 0xAF, 0xBB, 0x40, 0x92, 0x7F, 0x9A, 0x52, 0xB3, 0x30, 0x27, 0x01,
  0x9E, 0xD3, 0x02, 0xBA, 0xE9, 0x94, 0xFD, 0xAE, 0x5C, 0x4E, 0x21, 0xA8, 0x8B, 0x61, 0x0A, 0x02, 0x4B, 0x69, 0x82, 0x84,
  0xBF, 0x26, 0x8A, 0x85, 0x9A, 0xEB, 0x2F, 0x57, 0xC2, 0xF4, 0x12, 0x09, 0xAF, 0x66, 0xB6, 0x60, 0x24, 0x4A, 0x28, 0xCA,
  0xDB, 0x50, 0xB0, 0x33, 0x79, 0xAD, 0x0E, 0x55, 0xC1, 0xAF, 0xD9, 0x52, 0x86, 0xDD, 0x50, 0x4D, 0x27, 0xFC, 0x4F, 0x94,
  0xAB, 0x14, 0xE1, 0xFF, 0x7A, 0x8D, 0xEB, 0x73, 0x49, 0x21, 0x5D, 0xAB, 0x63, 0xA4, 0xD6, 0xD5, 0x94, 0x04, 0x6B, 0x24,
  0xA0, 0x41, 0x6D, 0x0D, 0x4F, 0x63, 0x1B, 0x76, 0x6A, 0xAC, 0xED, 0xA6, 0x2C, 0xAD, 0x18, 0x4F, 0x4B, 0x1C, 0x76, 0x6A,
  0x4B, 0x66, 0xD0, 0x4E, 0x43, 0x61, 0x3A, 0x49, 0x56, 0xBD, 0xC3, 0x84, 0x11, 0xC6, 0x85, 0x06, 0xF3, 0xF0, 0xD0, 0x85,
  0x60, 0x1A, 0x41, 0x14, 0x5D, 0x25, 0x3D, 0xAB, 0x01, 0x71, 0x83, 0x4B, 0x3B, 0x0B, 0xCC, 0xD5, 0x64, 0x01, 0x34, 0x76,
  0x57, 0xAD, 0x9B, 0x4F, 0x85, 0xE6, 0x0F, 0x8B, 0x5E, 0x11, 0x8F, 0x0F, 0x47, 0x30, 0x08, 0xB2, 0xF0, 0xF8, 0x38, 0x74,
  0xE4, 0xC8, 0x19, 0x93, 0x04, 0x21, 0xC3, 0xC2, 0x25, 0x6D, 0x69, 0x15, 0xA7, 0xA8, 0x64, 0x01, 0x89, 0x0B, 0x38, 0xEC,
  0x24, 0x6B, 0x71, 0x5D, 0x09, 0x2B, 0x64, 0xCE, 0x13, 0xF2, 0xB6, 0x72, 0x37, 0x6B, 0x51, 0x00, 0xBD, 0xDD, 0x0C, 0xBB,
  0x62, 0xDA, 0x01, 0xA1, 0xDE, 0x2C, 0x14, 0xD3, 0xF9, 0x4A, 0x6A, 0xCD, 0x42, 0xD6, 0x28, 0x32, 0x51, 0xD9, 0x0C, 0x1F,
  0x4C, 0xF9, 0xA6, 0x1A, 0xB9, 0x81, 0xD0, 0xC3, 0x12, 0xBF, 0x7E, 0x0C, 0xBB, 0xFE, 0xAE, 0x48, 0x2A, 0x02, 0x52, 0x16,
  0xA8, 0x95, 0x77, 0xA8, 0x88, 0x70, 0x4C, 0x00, 0x21, 0x59, 0x49, 0xC4, 0x6B, 0x9E, 0xED, 0x22, 0x0A, 0xB5, 0xD2, 0xA6,
  0x83, 0x2C, 0x3B, 0x6B, 0xB5, 0xE5, 0xD5, 0x1B, 0x5E, 0x51, 0x78, 0x20, 0x39, 0x72, 0xCD, 0x24, 0xC6, 0x06, 0x23, 0x83,
  0x48, 0xDA, 0xB2, 0xA5, 0x56, 0xFF, 0x7C, 0x07, 0xA8, 0x56, 0x9E, 0x28, 0xB2, 0xE3, 0xB7, 0xE4, 0x16, 0xD5, 0x0E, 0xC3,
  0x9A, 0xB6, 0x1B, 0x37, 0xC0, 0xE6, 0x15, 0x9E, 0xD3, 0xC6, 0x1D, 0xA8, 0xB8, 0x24, 0x93, 0x14, 0x79, 0x59, 0x24, 0x49,
  0xA4, 0x94, 0x34, 0x2E, 0xC0, 0x2D, 0xC4, 0x71, 0xDB, 0xA4, 0x56, 0xA5, 0x63, 0x48, 0x3B, 0x7A, 0xB4, 0xE6, 0x18, 0x2B,
  0x37, 0xBD, 0xC9, 0xD6, 0x56, 0xD8, 0xDC, 0xA9, 0x18, 0xB9, 0x62, 0xD8, 0x5A, 0x37, 0x2E, 0x80, 0x58, 0x0B, 0xBE, 0x4C,
  0x9A, 0x72, 0xB8, 0xE3, 0xB0, 0xE1, 0x1A, 0x01, 0xB8, 0xDC, 0x65, 0xD1, 0x75, 0x06, 0xB7, 0x66, 0x36, 0xAC, 0x72, 0x5D,
  0xDA, 0xB6, 0x34, 0x35, 0x4E, 0x02, 0x5D, 0x86, 0x35, 0xB8, 0x72, 0xFA, 0x54, 0x5D, 0x20, 0xA1, 0x43, 0x46, 0xEE, 0x82,
  0x6E, 0x43, 0xB0, 0xE1, 0x82, 0x20, 0xA9, 0x38, 0x9A, 0x5F, 0xF7, 0x43, 0x92, 0xAB, 0x80, 0x13, 0x4A, 0xB7, 0x55, 0x0C,
  0x1F, 0x87, 0x8F, 0xEC, 0xE5, 0x6B, 0x4F, 0xF1, 0xBD, 0x32, 0x09, 0x07, 0xA0, 0x81, 0xF6, 0xF6, 0x5C, 0x26, 0xC7, 0xF3,
  0x1D, 0xA2, 0x59, 0x8C, 0xC1, 0x69, 0x3C, 0x24, 0xDB, 0xE1, 0x57, 0x48, 0x4B, 0x25, 0x4D, 0x16, 0x3B, 0xF0, 0x2F, 0xB1,
  0x92, 0xB4, 0x94, 0x39, 0x91, 0xCF, 0xE6, 0x1C, 0x49, 0xDF, 0x2E, 0x56, 0xDB, 0xD5, 0x76, 0xAD, 0x0D, 0x7F, 0x6B, 0xF0,
  0xDF, 0xE0, 0xD1, 0x15, 0xE4, 0x9A, 0x6E, 0xE9, 0xAF, 0xF1, 0x34, 0x83, 0x2A, 0xED, 0x60, 0x23, 0xD1, 0x9E, 0x85, 0xB7,
  0xB3, 0xEE, 0x39, 0x40, 0x7E, 0xB2, 0x36, 0x7F, 0x15, 0xE4, 0x1C, 0x1B, 0x91, 0x59, 0xFB, 0x30, 0x47, 0xA3, 0xF4, 0x67,
  0x2D, 0x1D, 0x77, 0x84, 0xD0, 0x41, 0xAB, 0x7D, 0x69, 0x4B, 0x66, 0xF9, 0xC4, 0xCF, 0x32, 0x6F, 0x2D, 0x66, 0x98, 0xC4,
  0xBF, 0x83, 0xE0, 0x80, 0xF5, 0xC7, 0x5E, 0x14, 0xED, 0xE6, 0x90, 0x59, 0xF1, 0xBC, 0xA0, 0x8C, 0x5D, 0xE2, 0x0A, 0xDF,
  0x65, 0x4E, 0x9E, 0xB1, 0xD4, 0x65, 0x19, 0x0E, 0x72, 0x09, 0x94, 0xC0, 0x60, 0xB0, 0x9B, 0x1B, 0xF8, 0x07, 0x2F, 0x01,
  0x06, 0xE7, 0xB2, 0x52, 0xC9, 0x8E, 0xAA, 0x49, 0x15, 0xAD, 0x97, 0x68, 0xBF, 0x97, 0xBB, 0x7C, 0x09, 0xB6, 0xC4, 0x54,
  0x3E, 0x19, 0x84, 0x71, 0x8E, 0x5A, 0x3C, 0x0C, 0x86, 0xC1, 0xB7, 0xE0, 0xCB, 0x65, 0x18, 0x32, 0xBC, 0x17, 0xA5, 0xE4,
  0x9B, 0x6B, 0x47, 0xF0, 0xE6, 0xCB, 0x1B, 0xEF, 0xC9, 0x97, 0x5B, 0xC9, 0xA0, 0x8C, 0xCF, 0xD8, 0x17, 0xCD, 0x18, 0x5A,
  0x7E, 0x24, 0x6C, 0xCA, 0x25, 0xE3, 0xEE, 0xED, 0x03, 0x42, 0xAB, 0x81, 0x0A, 0xF2, 0xC3, 0x07, 0x0B, 0x5F, 0x9E, 0x23,
  0x18, 0x3D, 0x8D, 0x4F, 0xAC, 0x0E, 0x91, 0xBA, 0xE7, 0x58, 0x38, 0xED, 0x8F, 0x83, 0xFE, 0x75, 0x28, 0x3B, 0xF3, 0xA7,
  0x2F, 0xC7, 0xDE, 0x8B, 0x88, 0x81, 0xF9, 0x42, 0xD2, 0x3E, 0xF4, 0x80, 0x62, 0x00, 0x26, 0x08, 0x7E, 0x3A, 0x3C, 0xDA,
  0xCD, 0xF1, 0xCD, 0x0B, 0xFF, 0xE7, 0xB8, 0x4C, 0xB0, 0x9B, 0xAB, 0xC2, 0x47, 0xBE, 0xC6, 0xFC, 0x33, 0x2A, 0x03, 0xBB,
  0x39, 0xDE, 0x3C, 0x7A, 0xFB, 0x5F, 0x87, 0x4E, 0x81, 0xFC, 0x63, 0xA8, 0xC3, 0x33, 0x3C, 0xE7, 0x2F, 0x7F, 0x5A, 0x12,
  0xF5, 0x6B, 0xE5, 0xA6, 0x7A, 0x84, 0x68, 0xDE, 0xF7, 0x66, 0xBB, 0x39, 0xC2, 0x7A, 0xE3, 0xF1, 0xF7, 0x81, 0x75, 0xC8,
  0xE7, 0x97, 0x2F, 0xCD, 0xBC, 0x78, 0xC4, 0x60, 0x8A, 0x2F, 0xD6, 0xAA, 0xAC, 0xDA, 0x3C, 0x68, 0x78, 0x35, 0x50, 0x1C,
  0x88, 0x0E, 0x95, 0xE0, 0xD3, 0x73, 0x4D, 0xFD, 0x7B, 0xA9, 0x76, 0x50, 0x6A, 0xE4, 0xB6, 0xA0, 0x52, 0x38, 0x3E, 0xA6,
  0x64, 0x0C, 0xC4, 0x86, 0x30, 0xD9, 0xEF, 0x36, 0x6B, 0x03, 0xE5, 0x02, 0xED, 0x12, 0x3E, 0x60, 0x09, 0x7A, 0x7B, 0x54,
  0x85, 0x37, 0xB5, 0x1C, 0x3B, 0x86, 0xBF, 0xF5, 0x1C, 0x3B, 0xAA, 0x89, 0xAF, 0xF8, 0xB7, 0x89, 0xA5, 0x30, 0xD7, 0xAF,
  0x01, 0x20, 0x5C, 0xEC, 0xC5, 0x07, 0x8A, 0xBB, 0xDF, 0x03, 0x8D, 0xE6, 0xA7, 0x02, 0x07, 0xAC, 0x62, 0xC6, 0x3A, 0x21,
  0xFD, 0x57, 0x2B, 0xF5, 0x34, 0x7D, 0xBB, 0x3C, 0xF5, 0x0F, 0xAD, 0x9A, 0x97, 0xB6, 0xF8, 0x12, 0x7F, 0x45, 0x44, 0x92,
  0x2E, 0x8C, 0x99, 0xA8, 0xC3, 0x2D, 0x4B, 0x1A, 0x4A, 0xC4, 0xE1, 0xDE, 0xDE, 0xD8, 0xBF, 0x12, 0x01, 0x3A, 0x30, 0xCA,
  0xD8, 0xBB, 0x9B, 0x5B, 0xBC, 0x0B, 0xC4, 0x97, 0xA2, 0x82, 0x6F, 0x82, 0x7A, 0x72, 0xF6, 0xB7, 0xD2, 0xDE, 0xBF, 0x16,
  0xBE, 0x9C, 0x1B, 0x31, 0xF4, 0x56, 0xA1, 0x5D, 0xB5, 0xE6, 0x6D, 0x56, 0xD7, 0x56, 0xB8, 0x82, 0x2B, 0x7E, 0x50, 0x9F,
  0x54, 0xDB, 0xAC, 0xF2, 0x9A, 0xF1, 0xB8, 0x54, 0x1B, 0x95, 0xEA, 0x13, 0xC0, 0x81, 0xF6, 0xA8, 0x9E, 0x3C, 0x67, 0x84,
  0x10, 0xF5, 0x17, 0xEB, 0x20, 0x72, 0x1C, 0x18, 0xCF, 0x59, 0x6D, 0x54, 0x87, 0xF5, 0xD5, 0xA6, 0x62, 0xAC, 0xB4, 0xB5,
  0x10, 0x69, 0x9A, 0x41, 0x4B, 0x09, 0x14, 0x0E, 0xC9, 0x80, 0x5C, 0x16, 0x53, 0xF0, 0xC9, 0xDE, 0x70, 0x0A, 0xC2, 0xA0,
  0x12, 0x2F, 0xFE, 0x80, 0x01, 0x79, 0x78, 0x3A, 0xA9, 0x6C, 0x73, 0x5F, 0x70, 0x8B, 0x1C, 0x85, 0x63, 0xA3, 0x52, 0x0C,
  0x0C, 0x30, 0x77, 0xF9, 0x80, 0x48, 0x8D, 0x8B, 0xC6, 0x70, 0x22, 0x4A, 0xC4, 0x51, 0x10, 0xCB, 0x0B, 0xA5, 0x12, 0xDB,
  0xB5, 0xFF, 0xA1, 0x29, 0xEC, 0xD7, 0x8B, 0xFF, 0x08, 0xAB, 0xFA, 0x3E, 0xFC, 0xFE, 0x9F, 0x8E, 0x02, 0xA5, 0x12, 0x6F,
  0x2F, 0xE2, 0x0A, 0x8D, 0x9A, 0x2D, 0x1D, 0xCC, 0x30, 0x2E, 0xE4, 0xF0, 0x79, 0x4B, 0xCB, 0x52, 0x4E, 0xC7, 0x4D, 0x51,
  0x5C, 0x9A, 0xB2, 0x72, 0x4E, 0xD0, 0x91, 0x0D, 0x2A, 0x31, 0x47, 0x19, 0xB8, 0xA4, 0x15, 0x4B, 0xD2, 0x62, 0x5A, 0x78,
  0x61, 0xA2, 0xB1, 0x4A, 0xC5, 0xC8, 0x87, 0x45, 0x5F, 0x9F, 0x76, 0xE0, 0xF5, 0x2B, 0xF8, 0xC2, 0xA4, 0x74, 0x8F, 0x19,
  0x7B, 0x33, 0x88, 0xDA, 0x65, 0x3B, 0x71, 0x70, 0x82, 0xD8, 0x48, 0x8A, 0x0E, 0x76, 0x88, 0x54, 0xC9, 0x47, 0xAD, 0x72,
  0x83, 0xC1, 0x8F, 0xD7, 0x06, 0x4A, 0x05, 0x98, 0x8C, 0x3F, 0xD5, 0x32, 0x60, 0xAC, 0x81, 0xA7, 0x69, 0x5C, 0x75, 0xE2,
  0xAB, 0x1B, 0xA2, 0x74, 0xCE, 0xAE, 0x01, 0xEB, 0x05, 0xFA, 0x7E, 0x79, 0xF1, 0xEE, 0xD9, 0x3B, 0x78, 0x82, 0x77, 0xF6,
  0xB3, 0xB3, 0x1F, 0x93, 0xB6, 0xF2, 0x50, 0x47, 0x35, 0x9B, 0x12, 0xB9, 0x9B, 0xC6, 0xE4, 0x6A, 0xFA, 0x32, 0xE0, 0xD7,
  0xCC, 0xD1, 0xC8, 0x94, 0x7F, 0x40, 0xDD, 0xED, 0xA7, 0x08, 0x7B, 0xDE, 0x0E, 0x7E, 0xBD, 0x42, 0xDF, 0xC4, 0xFE, 0x12,
  0x5E, 0x56, 0x4F, 0xE4, 0x04, 0xB7, 0xB5, 0x07, 0xE5, 0xEA, 0x63, 0x3A, 0x0C, 0x53, 0xCB, 0x6E, 0x17, 0x02, 0xC5, 0x3D,
  0xA7, 0x71, 0x77, 0x7C, 0xF6, 0x4A, 0xDF, 0xE0, 0xEE, 0x4F, 0x30, 0xF3, 0xF5, 0x33, 0xA3, 0xBD, 0x44, 0x2C, 0x48, 0x8D,
  0xC2, 0xD1, 0x05, 0x26, 0xDA, 0xB3, 0xFB, 0x78, 0x8D, 0x9E, 0x25, 0x9D, 0xB0, 0xC5, 0xBB, 0x8E, 0x19, 0x2D, 0x5D, 0x08,
  0xF9, 0x2D, 0x6B, 0xAB, 0x65, 0xED, 0x2F, 0x95, 0xAB, 0xC8, 0x92, 0x7D, 0xAE, 0x93, 0xF8, 0x84, 0x66, 0x5A, 0x1E, 0x7E,
  0xF7, 0x19, 0xA3, 0xDC, 0x13, 0x7F, 0xC0, 0x6C, 0x34, 0x86, 0x14, 0x24, 0xCA, 0x1F, 0xF0, 0x95, 0x82, 0xBD, 0xF1, 0xEC,
  0x70, 0xE8, 0xF7, 0x33, 0x25, 0xA2, 0xF3, 0xF4, 0x4F, 0x29, 0x92, 0x80, 0xE3, 0x7C, 0x37, 0x28, 0x5D, 0x09, 0x96, 0x77,
  0xFA, 0x5D, 0x90, 0xC3, 0x1E, 0x43, 0x97, 0xCF, 0xBF, 0x82, 0x29, 0x77, 0x3E, 0xA1, 0x04, 0xA2, 0x37, 0x97, 0xF7, 0xF8,
  0xFC, 0x2C, 0xBB, 0x3F, 0x17, 0x79, 0x7E, 0x14, 0xFA, 0x68, 0x2C, 0xDA, 0xA8, 0x7E, 0x79, 0xF1, 0x3F, 0x89, 0x11, 0x3C,
  0x24, 0xEB, 0x29, 0xC8, 0x1A, 0xF0, 0xC8, 0x3D, 0xC5, 0x24, 0xE9, 0xA0, 0xB5, 0xF3, 0xF4, 0xB9, 0xD0, 0xAE, 0xFB, 0xD3,
  0xED, 0xF7, 0x7E, 0x98, 0x12, 0x5A, 0xA0, 0x20, 0xF9, 0xED, 0x88, 0xAB, 0x0E, 0x28, 0x35, 0x8F, 0xD8, 0x89, 0xA4, 0x51,
  0xE5, 0xD0, 0xEA, 0x0B, 0x72, 0x51, 0x0E, 0x45, 0x7D, 0x20, 0x7A, 0x4D, 0x90, 0xE5, 0x0E, 0xBC, 0xF1, 0xBE, 0x8F, 0xB2,
  0x52, 0x05, 0x89, 0x2E, 0x55, 0x07, 0x76, 0x37, 0x7D, 0x9A, 0x2A, 0x3C, 0x8F, 0x5F, 0xF3, 0xF1, 0x28, 0x88, 0xCA, 0x54,
  0xAE, 0xB0, 0xC6, 0xB0, 0x7E, 0xE4, 0x1A, 0x96, 0xB1, 0x16, 0xDE, 0x58, 0x1F, 0xD4, 0x6B, 0xF0, 0xF5, 0x72, 0x73, 0xE7,
  0x89, 0xB4, 0x08, 0xF6, 0xE8, 0x1B, 0x05, 0x61, 0x2E, 0xB2, 0xE1, 0x2D, 0x81, 0xB6, 0x4A, 0x91, 0xE7, 0x20, 0x73, 0x82,
  0x60, 0xA5, 0x9C, 0x4F, 0x97, 0x91, 0xA2, 0x24, 0x79, 0x9E, 0xC0, 0x36, 0xFC, 0xFE, 0x0A, 0x7D, 0x15, 0xCD, 0xA5, 0x13,
  0x3F, 0xE5, 0xDC, 0xD4, 0x47, 0x5F, 0x46, 0x71, 0xF7, 0x46, 0xD2, 0x22, 0xF0, 0x45, 0xB5, 0x6E, 0xB2, 0x19, 0x7D, 0xED,
  0x88, 0xC3, 0xAD, 0x5A, 0x3A, 0x27, 0xE5, 0x75, 0x4D, 0x4E, 0x0C, 0xDD, 0xF2, 0x4C, 0x82, 0x6D, 0xFE, 0x01, 0xC5, 0x21,
  0x3D, 0xA4, 0x33, 0x94, 0x87, 0x48, 0x68, 0x7E, 0x24, 0x21, 0xBE, 0x9C, 0x9C, 0xAA, 0x2C, 0x7C, 0xDA, 0x9C, 0x9E, 0x83,
  0x6F, 0x97, 0x2F, 0x5E, 0xB9, 0xF2, 0x34, 0xCC, 0xE5, 0xBC, 0x24, 0xD4, 0xDA, 0x42, 0x22, 0x3D, 0x9F, 0x90, 0x73, 0xE4,
  0xB7, 0xCB, 0x5F, 0x11, 0x9B, 0x1C, 0xF1, 0x57, 0x06, 0x52, 0x6B, 0x71, 0x58, 0xBC, 0x67, 0x7A, 0xC0, 0xD5, 0x04, 0xA7,
  0x32, 0x97, 0x30, 0x9F, 0x34, 0x7E, 0xBA, 0x94, 0x04, 0xE9, 0xE3, 0x6E, 0x26, 0x14, 0x5C, 0x2A, 0x5C, 0xE1, 0xD1, 0x33,
  0xB9, 0x8A, 0x32, 0xF2, 0xC9, 0xD4, 0x84, 0xAA, 0xC8, 0x8F, 0xAF, 0xE1, 0xF8, 0xF2, 0xD5, 0x26, 0xE0, 0x45, 0xB5, 0xC9,
  0x73, 0x4A, 0x3C, 0x70, 0xCB, 0x20, 0xE7, 0x6E, 0xB4, 0x5E, 0x81, 0x46, 0xEB, 0x95, 0xC7, 0xDB, 0x68, 0x0B, 0x1B, 0xAD,
  0x32, 0x10, 0x6F, 0xEE, 0x20, 0x89, 0x5F, 0xAF, 0x4D, 0xEE, 0xCC, 0x9A, 0xDD, 0x28, 0xB6, 0xF9, 0xE5, 0x6F, 0xFE, 0x8E,
  0x01, 0x2E, 0xBF, 0x85, 0x8B, 0xCB, 0x4F, 0xD4, 0x91, 0x44, 0xA7, 0xDA, 0x5F, 0xCD, 0x29, 0x48, 0xAA, 0xE3, 0x92, 0xB7,
  0x90, 0xE4, 0x97, 0x4B, 0xF3, 0xFF, 0xBC, 0xF8, 0xCF, 0xF0, 0xDF, 0xDF, 0x2D, 0x7E, 0x05, 0xC8, 0xF5, 0xDF, 0xCE, 0x2B,
  0xCD, 0x27, 0x62, 0xFC, 0xF0, 0xC8, 0x25, 0xC4, 0x9B, 0x48, 0x4C, 0x28, 0xFC, 0x21, 0xDF, 0x9E, 0x2A, 0x2D, 0x95, 0x9E,
  0x89, 0xEA, 0xEC, 0x1D, 0x03, 0x0F, 0xF5, 0x96, 0xC4, 0x69, 0x2D, 0xEF, 0x70, 0x78, 0xF4, 0x6D, 0xFC, 0xBC, 0xDC, 0x58,
  0xB2, 0x6C, 0x08, 0x9F, 0x73, 0x77, 0x05, 0xCE, 0x09, 0xCD, 0x64, 0x58, 0x77, 0x32, 0x87, 0xE0, 0x66, 0x8B, 0x2E, 0xEE,
  0xF3, 0x1F, 0x7F, 0x9B, 0x66, 0x23, 0x19, 0x2C, 0x31, 0x9A, 0xF9, 0xFE, 0x40, 0x70, 0xC4, 0x8A, 0x8B, 0x23, 0xD6, 0xDA,
  0x06, 0x55, 0xBD, 0x8A, 0xE5, 0x97, 0x52, 0x55, 0xE7, 0x80, 0x7E, 0x9C, 0x32, 0x10, 0xAC, 0xC6, 0x9C, 0x6C, 0x9C, 0xF9,
  0xFB, 0xC5, 0x2F, 0x17, 0x3F, 0x5F, 0xFC, 0x23, 0xE8, 0x7F, 0xEF, 0xC3, 0x7F, 0x1F, 0x2C, 0xFE, 0xEE, 0x2B, 0xE0, 0x8D,
  0x77, 0xB0, 0x26, 0xE2, 0x18, 0x87, 0xE8, 0x1C, 0x75, 0x6E, 0x52, 0x4E, 0x9A, 0x07, 0xCB, 0xD0, 0x46, 0x9C, 0x9F, 0x0B,
  0xBC, 0xF1, 0x0E, 0x96, 0x21, 0xCE, 0xBA, 0xD3, 0xC7, 0x89, 0x7F, 0xB8, 0xB8, 0x0D, 0x23, 0xFA, 0x90, 0x40, 0xF0, 0xF7,
  0x5F, 0x05, 0x00, 0x51, 0x7F, 0x94, 0x09, 0x00, 0x49, 0x82, 0xD3, 0x0E, 0x7E, 0x96, 0xD4, 0xE7, 0x22, 0xD5, 0xE7, 0x75,
  0x46, 0xB6, 0x65, 0x7C, 0x93, 0xAA, 0x8D, 0xEA, 0xE6, 0x60, 0x3A, 0x46, 0x80, 0xF1, 0x36, 0x8E, 0xE8, 0xCB, 0x5B, 0x77,
  0x9C, 0x4E, 0x04, 0x16, 0x6F, 0x71, 0x30, 0xF4, 0x73, 0x84, 0x22, 0x4B, 0xC0, 0x8D, 0x90, 0x74, 0x5E, 0xA5, 0x4B, 0xA6,
  0x48, 0xD6, 0x07, 0x12, 0x7F, 0xF6, 0x43, 0x32, 0x78, 0x60, 0x9F, 0x9F, 0x26, 0x8E, 0x4A, 0x1F, 0x93, 0xE6, 0x21, 0xA8,
  0x6A, 0xB9, 0x5C, 0x5E, 0xC9, 0xC5, 0xD3, 0xF4, 0xDB, 0x26, 0xDC, 0x68, 0x86, 0xB9, 0x0A, 0xFC, 0x7C, 0xC0, 0x0D, 0x31,
  0xA5, 0x6A, 0xC1, 0x52, 0x2D, 0x8D, 0x5B, 0x76, 0xDA, 0x22, 0xB2, 0x37, 0x77, 0x79, 0x13, 0xDD, 0xAB, 0xF0, 0x40, 0xEF,
  0x4E, 0x62, 0xF0, 0xB3, 0xCD, 0x43, 0xCB, 0x65, 0x7F, 0x31, 0x77, 0x7F, 0xF0, 0x42, 0xE8, 0x61, 0xE3, 0x39, 0x27, 0xBA,
  0x64, 0xBB, 0x98, 0xD6, 0x54, 0x98, 0xF1, 0x4A, 0x87, 0xC2, 0x04, 0x1D, 0xBE, 0xBC, 0xF5, 0x7B, 0xE1, 0xD0, 0x7A, 0x76,
  0xE3, 0xEC, 0x6D, 0x80, 0x2D, 0xA5, 0x9D, 0xBD, 0x91, 0x5A, 0xE8, 0xCF, 0x00, 0xBA, 0x6B, 0x8C, 0x3C, 0xC0, 0x3B, 0xD7,
  0xD4, 0x66, 0xE0, 0xBE, 0x24, 0x99, 0xC2, 0x49, 0x76, 0x3B, 0xCF, 0x62, 0x2A, 0x80, 0xF3, 0xCE, 0x9F, 0x1C, 0xC5, 0x68,
  0xFE, 0x66, 0x47, 0xAE, 0xCD, 0x94, 0x80, 0xA3, 0xDE, 0x72, 0x85, 0xE8, 0x13, 0xC2, 0x5B, 0xFC, 0x38, 0x43, 0x52, 0xDD,
  0x36, 0xC3, 0xF1, 0xD3, 0xCD, 0x35, 0xB0, 0x39, 0xC7, 0xDE, 0xF9, 0x0C, 0x7D, 0x3B, 0x1E, 0xF2, 0x93, 0xE0, 0x07, 0x69,
  0xA9, 0x36, 0x63, 0x23, 0xD5, 0xD7, 0xBA, 0x9E, 0x86, 0x50, 0xD2, 0xF4, 0xA6, 0xE1, 0xE6, 0x43, 0xC0, 0x4E, 0xE2, 0xCF,
  0x7F, 0xA4, 0xFB, 0x30, 0xEE, 0xA1, 0x29, 0x47, 0xA4, 0xF8, 0xB9, 0x2B, 0x3C, 0xB4, 0x95, 0x7D, 0x87, 0x12, 0xEB, 0xDC,
  0x63, 0xC4, 0xCA, 0xED, 0xE7, 0x78, 0x44, 0x2D, 0x52, 0x71, 0xE0, 0x24, 0xD0, 0x2C, 0xF9, 0xE0, 0xEC, 0x16, 0xDE, 0xA4,
  0x71, 0xCF, 0xDA, 0x95, 0xD6, 0xA4, 0x52, 0x1B, 0x50, 0xA3, 0x83, 0xF2, 0x7C, 0xA9, 0xD6, 0x48, 0x5D, 0x6B, 0xB5, 0x7C,
  0x83, 0xE2, 0xE6, 0xFB, 0x10, 0xA6, 0xF0, 0x29, 0x1E, 0x0F, 0x72, 0xAE, 0x7F, 0xC3, 0x45, 0xAA, 0x32, 0xEC, 0xE6, 0xEB,
  0xB2, 0x86, 0xF7, 0x89, 0x35, 0xFC, 0x16, 0x96, 0xF2, 0x83, 0xC5, 0x3F, 0x80, 0x4C, 0xF5, 0xF7, 0x5F, 0x81, 0x31, 0xF8,
  0xB1, 0x8B, 0x31, 0x08, 0xBF, 0xA2, 0xF5, 0xD5, 0x7E, 0x61, 0xFF, 0xC8, 0xD4, 0x3F, 0xD7, 0xB3, 0xE1, 0x24, 0xEE, 0x69,
  0xEA, 0x98, 0xC2, 0x65, 0xDA, 0x80, 0xD1, 0xAD, 0x34, 0xA6, 0xAC, 0x10, 0xBA, 0x4D, 0x9E, 0x27, 0x03, 0x72, 0x74, 0xB9,
  0xB9, 0xEF, 0x4D, 0xB1, 0x13, 0x34, 0xC4, 0x02, 0xB0, 0x35, 0x81, 0x59, 0x8D, 0x90, 0xE7, 0x15, 0xFC, 0x5C, 0x5C, 0xC3,
  0xC2, 0xCD, 0xE0, 0x77, 0xB2, 0x44, 0x6A, 0x49, 0x56, 0xA6, 0x7E, 0x4C, 0xC4, 0xE9, 0xAB, 0x2A, 0x69, 0xFF, 0xA4, 0x6D,
  0x28, 0xF8, 0x84, 0xF7, 0xC7, 0xD8, 0xE0, 0x27, 0xFB, 0xA9, 0x92, 0x51, 0xC6, 0xD0, 0x06, 0x08, 0x11, 0x7F, 0x44, 0x10,
  0xBF, 0x9D, 0xAA, 0x0C, 0x34, 0x86, 0x8A, 0x67, 0x09, 0x93, 0x48, 0xED, 0x14, 0xF0, 0xE9, 0xE8, 0x12, 0xB3, 0xE7, 0xF4,
  0xFD, 0x51, 0x38, 0x06, 0x71, 0x75, 0xC9, 0x45, 0x89, 0xCB, 0x46, 0xF3, 0x3B, 0xDA, 0x1B, 0x0F, 0xE9, 0xEE, 0x1B, 0x4E,
  0x84, 0xCE, 0x6E, 0xA1, 0xC2, 0x93, 0x1A, 0x89, 0x08, 0xE9, 0x12, 0xDD, 0x5F, 0xFB, 0x01, 0x69, 0x94, 0xF4, 0x6C, 0x45,
  0x0F, 0xB7, 0xF9, 0xD9, 0x04, 0xBA, 0xA5, 0x49, 0x42, 0x82, 0x07, 0x16, 0xF7, 0xD2, 0x24, 0xE6, 0xDE, 0xCA, 0x6E, 0x5F,
  0x09, 0x27, 0x96, 0x0A, 0xCA, 0x43, 0xCC, 0xA4, 0x10, 0x8D, 0x76, 0x82, 0x77, 0x49, 0xDC, 0xBF, 0x29, 0xEE, 0xE6, 0x51,
  0x47, 0x6E, 0x7C, 0x6E, 0x37, 0xC9, 0xBB, 0xE6, 0x13, 0x72, 0xA2, 0x03, 0x22, 0xC0, 0x6B, 0x2F, 0x6B, 0xB1, 0x4A, 0xC6,
  0xEE, 0x9B, 0x98, 0x61, 0x0C, 0x09, 0x4A, 0x9A, 0x02, 0x3E, 0x5C, 0xA7, 0x95, 0x5A, 0xAA, 0x95, 0x95, 0x6D, 0xB8, 0xA0,
  0xBB, 0x8C, 0x60, 0x26, 0x9B, 0xA8, 0x65, 0x6E, 0x22, 0xEF, 0xC0, 0xBF, 0xEA, 0xC7, 0x31, 0x70, 0xC5, 0x48, 0x6C, 0xA4,
  0x87, 0x24, 0x40, 0xDD, 0xC9, 0xD4, 0x3E, 0xD7, 0xB3, 0x4B, 0x9E, 0x9B, 0x3E, 0xC9, 0x74, 0xFF, 0xD0, 0xF7, 0x1F, 0x13,
  0xB1, 0xED, 0x21, 0xCF, 0x1D, 0x7C, 0x93, 0xE2, 0xED, 0xFE, 0x98, 0x12, 0x22, 0xD7, 0x25, 0x60, 0xEF, 0xA2, 0xA9, 0x84,
  0x67, 0x21, 0x16, 0x07, 0x62, 0x80, 0xFF, 0xF7, 0x08, 0xCE, 0xF7, 0x96, 0x90, 0xB1, 0xE0, 0x35, 0x94, 0x87, 0xFF, 0xC5,
  0x0C, 0xC2, 0xC1, 0x32, 0x73, 0xF0, 0xDA, 0xBD, 0xBD, 0xF8, 0xD4, 0x33, 0x6B, 0x76, 0xF7, 0xA2, 0xD7, 0x7F, 0x1C, 0x16,
  0xF6, 0x7F, 0x92, 0x07, 0x8C, 0xB0, 0x80, 0x3F, 0xE5, 0x89, 0x5C, 0x7F, 0x4F, 0xEE, 0xA7, 0xF7, 0x91, 0x68, 0x65, 0x77,
  0xFF, 0x9D, 0x28, 0x0A, 0x1E, 0x8F, 0x85, 0xFF, 0x63, 0x9E, 0x81, 0x90, 0x76, 0xAE, 0xF2, 0x84, 0x05, 0x3A, 0xBA, 0x82,
  0x4B, 0x05, 0xCF, 0xF9, 0xDE, 0xE3, 0x80, 0xF8, 0x4B, 0xD7, 0x5E, 0x11, 0xF9, 0x6B, 0x5D, 0xBA, 0xC7, 0xB2, 0x01, 0xBC,
  0x14, 0xAF, 0x71, 0x00, 0xB0, 0xF6, 0x0E, 0xFA, 0x00, 0x14, 0xE3, 0x9B, 0x18, 0x6D, 0x46, 0x27, 0x2C, 0x1F, 0x67, 0x28,
  0x5E, 0x59, 0x8C, 0x37, 0x4B, 0xCD, 0xAC, 0x18, 0x04, 0xC3, 0x76, 0xF6, 0xD0, 0x7C, 0x17, 0xEE, 0x9B, 0x24, 0x5C, 0xDB,
  0x62, 0x2C, 0xFF, 0xF2, 0xB5, 0xA7, 0x0A, 0x2E, 0xA6, 0xEB, 0xC9, 0x3B, 0x8C, 0x07, 0x9A, 0x61, 0x9A, 0x04, 0xF7, 0x81,
  0xDF, 0x0F, 0xE7, 0xDC, 0x73, 0x4F, 0x68, 0x01, 0x8F, 0x30, 0x6E, 0x14, 0xA6, 0xC5, 0x79, 0x13, 0x09, 0x7A, 0x8B, 0x4F,
  0xE9, 0x37, 0x66, 0xAB, 0x7C, 0x0B, 0xA8, 0xEB, 0x3D, 0xEE, 0xCB, 0x23, 0x86, 0x75, 0x69, 0xCB, 0x5B, 0x0E, 0x26, 0x6E,
  0xC0, 0xD3, 0x80, 0x31, 0xF7, 0x81, 0xCC, 0x59, 0xE4, 0xF3, 0x23, 0x6E, 0x51, 0x92, 0x6C, 0xE5, 0x81, 0xED, 0xA6, 0xBE,
  0x16, 0x3D, 0xB5, 0x25, 0xCD, 0x04, 0x15, 0xE0, 0x33, 0xCA, 0x9C, 0xAB, 0x42, 0x6A, 0x49, 0xB8, 0xBC, 0x34, 0xF5, 0x14,
  0xC2, 0x70, 0x2F, 0x58, 0x8E, 0x32, 0xD6, 0xD4, 0xD0, 0x5F, 0x57, 0x1E, 0xC7, 0x0F, 0xBC, 0xD8, 0x2B, 0x81, 0xD8, 0xC9,
  0x0F, 0x96, 0x74, 0x46, 0x31, 0x0A, 0x0F, 0xAF, 0x79, 0xBD, 0xFC, 0x06, 0x3E, 0xDF, 0x50, 0x96, 0xA6, 0xC7, 0xE9, 0xB1,
  0x91, 0x9C, 0x5C, 0xD7, 0x59, 0xB5, 0x3A, 0xDE, 0x29, 0xB5, 0xD9, 0x0E, 0xF7, 0xAD, 0x51, 0x2F, 0x9A, 0xAC, 0x5A, 0x39,
  0xA8, 0x56, 0x46, 0xD5, 0xC6, 0x6B, 0xD5, 0x8A, 0xF2, 0xA7, 0x11, 0x5E, 0x34, 0x46, 0x6C, 0x8E, 0xDA, 0x51, 0x1A, 0xB4,
  0xD3, 0xF3, 0xD6, 0x27, 0x3C, 0x3C, 0x72, 0x4D, 0x77, 0x78, 0xF4, 0xE7, 0x9E, 0x6C, 0xB5, 0xC6, 0x6A, 0xE3, 0x5A, 0xB9,
  0xC1, 0xB6, 0xCB, 0x8D, 0xE7, 0x6A, 0xB5, 0x71, 0xA9, 0xC5, 0x1A, 0xE5, 0x16, 0xAB, 0x95, 0xEB, 0xF8, 0xE4, 0x05, 0x78,
  0x5D, 0xDD, 0x86, 0x87, 0xF0, 0xB5, 0x01, 0x5F, 0xDB, 0xAC, 0x0A, 0x7D, 0xB2, 0x9D, 0x72, 0x63, 0xB4, 0x5D, 0x6E, 0xFD,
  0xC0, 0x86, 0xC1, 0x3F, 0x9B, 0x56, 0xD4, 0x73, 0xC3, 0xC0, 0x3B, 0x70, 0x02, 0xC1, 0x3B, 0xF8, 0x73, 0x43, 0xA1, 0x56,
  0x29, 0xB7, 0x71, 0xDE, 0x5E, 0xB3, 0xDC, 0x64, 0xF8, 0xC3, 0x1D, 0x71, 0xB6, 0xE1, 0x69, 0x05, 0x61, 0xD0, 0x2C, 0xB7,
  0xC6, 0xA5, 0x6A, 0xA9, 0xEA, 0x78, 0x0F, 0x3F, 0xE3, 0x2A, 0xAB, 0x62, 0xA9, 0x5A, 0x75, 0x0C, 0xDF, 0xE0, 0x69, 0x8B,
  0xA5, 0xCA, 0xF2, 0xD2, 0x29, 0x88, 0xA5, 0x82, 0x72, 0xCE, 0x0F, 0x35, 0xB4, 0xDD, 0x39, 0xA0, 0x06, 0x8F, 0xFF, 0x4C,
  0x50, 0x13, 0xF7, 0x6A, 0xF4, 0x8F, 0xB8, 0x7B, 0x59, 0xFF, 0x98, 0xFF, 0x85, 0xA1, 0xF0, 0x5D, 0x91, 0xF6, 0x56, 0xAB,
  0xB1, 0x16, 0x7A, 0xAB, 0xE1, 0xFF, 0xF0, 0xA1, 0x61, 0x03, 0xC1, 0x69, 0xAE, 0x3B, 0x37, 0x18, 0x40, 0x53, 0x75, 0x81,
  0xC1, 0x8F, 0xFF, 0xC5, 0xC1, 0x50, 0x37, 0xA8, 0x46, 0x75, 0x07, 0x26, 0xEE, 0x6D, 0xB3, 0x6D, 0x81, 0x06, 0x65, 0xC0,
  0x8D, 0x72, 0x7D, 0x5C, 0x83, 0xDF, 0xAD, 0x52, 0xAD, 0x54, 0x2F, 0x37, 0x4A, 0xB8, 0xFF, 0xAA, 0x5A, 0x91, 0x5A, 0x19,
  0xDF, 0xD6, 0x5F, 0xC0, 0xCD, 0x36, 0x2A, 0x35, 0xC6, 0x25, 0xD8, 0x7E, 0x50, 0xC6, 0x2C, 0xC1, 0xB0, 0x15, 0xAC, 0x5A,
  0x42, 0xD7, 0x41, 0x68, 0x86, 0xE1, 0xA3, 0xD6, 0x53, 0xAA, 0x10, 0x6B, 0x1A, 0x1D, 0xB3, 0x72, 0x55, 0x54, 0xC1, 0x62,
  0x4C, 0x54, 0xC1, 0xEA, 0x5A, 0x19, 0xD1, 0xEE, 0x0B, 0x98, 0xCE, 0xBC, 0x36, 0x6A, 0x8C, 0xCB, 0xF5, 0x92, 0xD1, 0x31,
  0x13, 0x43, 0x23, 0x92, 0x51, 0x65, 0x62, 0xF8, 0x25, 0xB3, 0x5F, 0x9A, 0x71, 0x0A, 0xD5, 0xDF, 0x4F, 0xF3, 0x22, 0x7B,
  0x8D, 0x2F, 0x6D, 0x01, 0xCF, 0xB8, 0x9C, 0xB0, 0x99, 0x15, 0x8E, 0xD4, 0x9C, 0xCD, 0x68, 0x72, 0x89, 0x74, 0xAA, 0x56,
  0xBE, 0x89, 0x24, 0x28, 0xAC, 0xF2, 0x20, 0x0D, 0x86, 0x79, 0x0A, 0xD7, 0x2E, 0xC7, 0xC0, 0xC2, 0xFD, 0x78, 0x77, 0x77,
  0x17, 0x0F, 0x35, 0x0A, 0xFD, 0x71, 0x18, 0xF9, 0xB6, 0x67, 0x69, 0xBA, 0x37, 0x5D, 0x16, 0x7A, 0x6C, 0x66, 0x70, 0xC7,
  0x2D, 0xCE, 0xC6, 0x41, 0x84, 0xC3, 0xDE, 0x96, 0xD8, 0x53, 0xC9, 0x13, 0x5F, 0x5A, 0xA5, 0xD6, 0x94, 0x91, 0xCC, 0xB3,
  0x8B, 0xF5, 0x8C, 0x23, 0x22, 0x2C, 0x59, 0xCB, 0x2C, 0x5A, 0xD7, 0xF3, 0x5F, 0xA6, 0xAC, 0x8D, 0x8F, 0xE8, 0x31, 0x9C,
  0x2C, 0x54, 0x6A, 0x45, 0xBE, 0xFC, 0xCD, 0xDF, 0x65, 0x18, 0xCB, 0xD2, 0xEB, 0xB1, 0x2C, 0xD1, 0x59, 0x66, 0xA6, 0x20,
  0xAD, 0x50, 0xBD, 0xE0, 0xCA, 0x8D, 0x62, 0xE6, 0x98, 0xB1, 0xB2, 0x7D, 0x26, 0x67, 0x09, 0x32, 0x81, 0x9A, 0xE3, 0x72,
  0x6E, 0xF3, 0xD2, 0xD4, 0x46, 0xB2, 0xCC, 0x7F, 0xBA, 0xFD, 0xEE, 0x87, 0x6C, 0x71, 0x9B, 0x9B, 0x23, 0xCC, 0xE5, 0xD2,
  0xEC, 0x9A, 0x77, 0x30, 0xFC, 0x14, 0xD5, 0x56, 0x90, 0xF8, 0x60, 0xE1, 0x2E, 0x63, 0xBA, 0x66, 0xD8, 0x2F, 0x3F, 0xA7,
  0xD3, 0xA9, 0x3F, 0xF2, 0xA8, 0x3B, 0xBC, 0xFE, 0x08, 0x44, 0x35, 0xE5, 0x77, 0x43, 0x62, 0xE0, 0xE5, 0x32, 0x5B, 0xBC,
  0xCB, 0x43, 0x16, 0x1F, 0xE0, 0x09, 0x16, 0x56, 0xA6, 0xDD, 0x89, 0x92, 0xDD, 0x27, 0x98, 0x07, 0x83, 0xDF, 0xAD, 0xF0,
  0xE0, 0xEC, 0xE7, 0xD0, 0xB2, 0xD9, 0x2C, 0x56, 0x67, 0xDC, 0xA4, 0x7A, 0x97, 0x6C, 0xA8, 0x9F, 0x6A, 0x86, 0x79, 0x14,
  0x3D, 0x6F, 0x9E, 0xDD, 0x72, 0x5B, 0xE1, 0x71, 0x5B, 0x7F, 0x3B, 0x88, 0x9F, 0xDB, 0xEF, 0x31, 0xC0, 0xCA, 0xFB, 0x14,
  0x0A, 0x2B, 0x4C, 0x91, 0xCB, 0x97, 0xCB, 0x0C, 0xBA, 0x6A, 0x14, 0x5C, 0x79, 0xAA, 0x8C, 0x44, 0x36, 0xEB, 0x1E, 0x57,
  0xD9, 0x29, 0x47, 0xB2, 0xE2, 0x4D, 0x56, 0xDC, 0xE1, 0x8C, 0xD6, 0x75, 0x3B, 0x24, 0xA5, 0x99, 0x1A, 0x06, 0x37, 0x77,
  0xBB, 0x36, 0xE4, 0xD9, 0x4D, 0x01, 0x97, 0xB5, 0x8D, 0xEB, 0xE9, 0xB3, 0x00, 0x49, 0xF5, 0xBE, 0x3D, 0x7A, 0x9E, 0x3C,
  0x05, 0x2D, 0xCB, 0x29, 0xF7, 0xC2, 0xE5, 0x76, 0x88, 0x0E, 0x2E, 0x37, 0x77, 0xC3, 0xED, 0x5D, 0x76, 0x74, 0xA9, 0x5A,
  0x7A, 0x8A, 0xD4, 0x80, 0xDC, 0x39, 0x4C, 0xA7, 0xC9, 0x76, 0xC5, 0x04, 0x66, 0x7C, 0x52, 0xB0, 0x69, 0x49, 0x41, 0xB9,
  0xAD, 0x79, 0x03, 0x0B, 0x15, 0xC5, 0x11, 0x5B, 0xB6, 0x54, 0x49, 0xE1, 0xD1, 0xF0, 0xE9, 0x81, 0xBE, 0x32, 0x0F, 0xF7,
  0x40, 0x23, 0x8A, 0xBE, 0x8B, 0xAE, 0x20, 0x2E, 0x8A, 0x6F, 0x67, 0x57, 0xCA, 0x0A, 0xA4, 0x49, 0x32, 0x01, 0x1B, 0x49,
  0x18, 0xF4, 0x9D, 0xBE, 0xD6, 0x4D, 0xD6, 0xDB, 0x85, 0xDC, 0x3A, 0xCE, 0x2C, 0xE7, 0x66, 0x0D, 0x16, 0x81, 0x71, 0x20,
  0x58, 0xDA, 0xDD, 0x2C, 0x05, 0xA5, 0x6B, 0xBE, 0xEE, 0xEA, 0x2D, 0x12, 0x5E, 0xD5, 0x30, 0xE1, 0x55, 0x37, 0xED, 0xDD,
  0x64, 0x1F, 0xBB, 0xD9, 0xCC, 0x83, 0x0E, 0x34, 0x33, 0x1C, 0xDD, 0x52, 0x3D, 0xA3, 0x33, 0x6A, 0xD6, 0xF1, 0x94, 0x71,
  0x95, 0x71, 0xEE, 0x72, 0x65, 0x95, 0x23, 0x9C, 0x09, 0x56, 0x41, 0x44, 0xDB, 0x8E, 0xA5, 0x4D, 0xA5, 0xEF, 0x34, 0xD6,
  0xB7, 0xE1, 0xB8, 0xDA, 0x70, 0x15, 0x58, 0x9D, 0xB8, 0xF7, 0xB4, 0x37, 0x4F, 0xF9, 0xF7, 0x9E, 0xEF, 0x7A, 0x0D, 0x79,
  0x29, 0x98, 0x8A, 0x70, 0x4C, 0xDF, 0xC4, 0x2D, 0x73, 0xE9, 0xA5, 0xDD, 0xE5, 0x9C, 0xC0, 0x49, 0x0D, 0xF2, 0x39, 0x10,
  0xCA, 0x73, 0x19, 0xD4, 0xCF, 0x41, 0xE4, 0x4C, 0xFE, 0x54, 0x37, 0xC1, 0x90, 0xD8, 0xF2, 0xC5, 0x51, 0x07, 0x99, 0x35,
  0xD0, 0xF6, 0x83, 0x97, 0xEF, 0xA6, 0xF7, 0xB6, 0x4E, 0xE8, 0xD4, 0x41, 0xED, 0x7A, 0x2E, 0x45, 0x1A, 0x03, 0x49, 0x9F,
  0x03, 0xFF, 0x35, 0xB9, 0xA4, 0x81, 0x02, 0xCE, 0xF2, 0x44, 0x5D, 0x3F, 0x45, 0x96, 0x58, 0xF8, 0xFF, 0x89, 0xB3, 0xD0,
  0x59, 0x30, 0xA7, 0xAF, 0x6A, 0x63, 0xC2, 0x4E, 0xBD, 0xB7, 0xF8, 0xD4, 0x80, 0x4E, 0xB9, 0x17, 0x4C, 0x0B, 0xD9, 0x2C,
  0xC6, 0xE9, 0x66, 0xB7, 0x52, 0x3C, 0x6D, 0x9B, 0xBB, 0xC3, 0x3C, 0x68, 0x59, 0x7E, 0xB4, 0xD6, 0x49, 0x45, 0xD8, 0xEA,
  0x51, 0xDE, 0x3C, 0xC8, 0xDB, 0x44, 0xB9, 0x3F, 0xDD, 0xFE, 0xC5, 0x4D, 0x96, 0x2C, 0xB2, 0x81, 0x45, 0xD6, 0xA1, 0x14,
  0x68, 0x75, 0x49, 0x98, 0xD2, 0x15, 0xF8, 0x42, 0x2E, 0x4B, 0x39, 0x86, 0x89, 0x26, 0x67, 0xF1, 0x6E, 0x0E, 0x81, 0x91,
  0xAD, 0x1C, 0x8C, 0xD0, 0xDE, 0x86, 0xDE, 0x4E, 0x2F, 0xF3, 0xCA, 0xCF, 0xC0, 0x24, 0xFC, 0x29, 0x39, 0x3C, 0x99, 0x94,
  0xDD, 0x71, 0x30, 0xA4, 0x51, 0x3E, 0xAC, 0xCA, 0x0F, 0xC4, 0xD6, 0x76, 0x36, 0xB1, 0x69, 0x11, 0x61, 0x8E, 0x7A, 0xE8,
  0x8F, 0xC7, 0xC1, 0x2C, 0x0A, 0x22, 0x07, 0xA4, 0xC4, 0x6D, 0xE9, 0x80, 0x08, 0xFF, 0x99, 0x2F, 0x39, 0x1D, 0xD8, 0xF3,
  0x73, 0x21, 0x61, 0x65, 0x58, 0xE2, 0x82, 0xB5, 0xCC, 0xED, 0x44, 0x4C, 0xE6, 0xD5, 0xD9, 0x38, 0xF4, 0x06, 0x59, 0x51,
  0x79, 0x5A, 0xA8, 0xA5, 0x26, 0x06, 0xEC, 0x53, 0x1D, 0x01, 0x44, 0x92, 0x02, 0x7E, 0x69, 0x49, 0x8B, 0x3F, 0x65, 0x86,
  0x88, 0xEB, 0x3C, 0xF7, 0x71, 0x31, 0xFD, 0xF3, 0xB1, 0xFC, 0x8A, 0x85, 0xA5, 0x8F, 0xC6, 0x90, 0x97, 0x72, 0xDF, 0xC6,
  0x52, 0xEE, 0x6B, 0xF0, 0xDE, 0x14, 0x57, 0x5D, 0x83, 0x89, 0xEA, 0x2C, 0xF4, 0xFF, 0x26, 0x73, 0xCC, 0x66, 0x85, 0xFF,
  0xB2, 0x8C, 0x30, 0x5A, 0xC5, 0x02, 0x57, 0xF0, 0x11, 0xB4, 0x21, 0x90, 0x57, 0xC8, 0xAB, 0xDF, 0x79, 0xE1, 0xCF, 0xC3,
  0x2B, 0xFE, 0x5F, 0x51, 0x39, 0xD4, 0x4C, 0xE9, 0xF4, 0xF9, 0x1D, 0xBA, 0x2E, 0xEF, 0x2E, 0xCB, 0xC3, 0xBC, 0x6D, 0x66,
  0xE0, 0x3E, 0xD4, 0x97, 0xA6, 0x94, 0x57, 0xE7, 0x63, 0xEB, 0x60, 0x7F, 0x14, 0xC7, 0xB3, 0xA8, 0xB3, 0xB5, 0x05, 0xE8,
  0xBB, 0x35, 0x0C, 0xE6, 0x93, 0x43, 0x6F, 0xEE, 0x1B, 0x74, 0xD5, 0xD2, 0x5A, 0x0C, 0x87, 0xB4, 0x9A, 0x19, 0x9E, 0x9D,
  0x75, 0x01, 0x89, 0x9E, 0x0F, 0xC0, 0xC8, 0xF3, 0x57, 0x81, 0xFF, 0xBC, 0x73, 0x25, 0xF9, 0x45, 0xDB, 0x48, 0xEE, 0xD1,
  0x0C, 0x1D, 0x16, 0x59, 0xC3, 0xC8, 0xD7, 0x63, 0x80, 0x47, 0x72, 0x16, 0x75, 0x5B, 0x27, 0x60, 0x69, 0x70, 0x2F, 0x71,
  0xEB, 0xE1, 0x9F, 0x12, 0x0C, 0x5D, 0x69, 0xFD, 0x42, 0x0F, 0x0D, 0x52, 0xBE, 0xFF, 0x86, 0xDE, 0xFC, 0x1E, 0x3D, 0x9B,
  0x5C, 0x49, 0x3A, 0x56, 0x5B, 0xC8, 0xAE, 0xEE, 0x03, 0x33, 0x8C, 0xA2, 0x6C, 0x43, 0x99, 0x9E, 0xAE, 0x90, 0x07, 0x57,
  0xAC, 0x67, 0x36, 0xD3, 0x1B, 0x5E, 0x61, 0x3D, 0x5B, 0xC3, 0x65, 0xB0, 0x25, 0x13, 0x32, 0x26, 0xDE, 0x57, 0xF5, 0xB6,
  0x46, 0xD1, 0xDD, 0xDB, 0xAB, 0x99, 0x32, 0xB0, 0x38, 0x85, 0xB7, 0x3F, 0xDD, 0xFE, 0xD9, 0x4F, 0x0C, 0x52, 0xE1, 0x34,
  0xB0, 0xB5, 0x13, 0x6B, 0x0E, 0xA7, 0x49, 0x89, 0xE7, 0x17, 0xBF, 0x7B, 0xAA, 0x62, 0xEF, 0xCE, 0x2C, 0x55, 0xDF, 0x58,
  0xBC, 0x0B, 0x9A, 0xE9, 0x2D, 0x83, 0x48, 0x34, 0x5C, 0xA6, 0x3D, 0xA7, 0xF0, 0xA5, 0xCB, 0xE3, 0x46, 0x2F, 0x69, 0xF4,
  0xB8, 0xC3, 0x13, 0x93, 0x25, 0x46, 0x01, 0xE0, 0xC1, 0x97, 0x7A, 0x16, 0x5A, 0xA0, 0x07, 0x82, 0xA5, 0x25, 0x4A, 0xE5,
  0xEC, 0x00, 0x94, 0x81, 0x72, 0xB5, 0x82, 0xF6, 0x83, 0x0B, 0xCB, 0x03, 0xBC, 0x57, 0x0B, 0x3C, 0xA6, 0x8E, 0xD1, 0xB4,
  0x66, 0x58, 0x33, 0x38, 0x37, 0xF7, 0x55, 0xB1, 0x3C, 0xF6, 0x8B, 0x0E, 0x47, 0x3A, 0xB4, 0x78, 0xDC, 0x73, 0x1C, 0x81,
  0xA2, 0xA6, 0x92, 0x78, 0x99, 0x90, 0xE7, 0x76, 0x99, 0xB9, 0xFC, 0xA5, 0xB8, 0x65, 0xED, 0x2D, 0xEE, 0x80, 0xC4, 0x30,
  0xF5, 0xB2, 0x3A, 0xBD, 0x5D, 0xDC, 0x75, 0xCD, 0x39, 0xDB, 0x05, 0x46, 0xCF, 0x41, 0x91, 0xBA, 0x48, 0xCB, 0xBC, 0xEF,
  0x40, 0x3E, 0xCC, 0xBA, 0xDA, 0xC6, 0x36, 0x32, 0xF2, 0x9C, 0xDE, 0x5A, 0x5E, 0x0B, 0xF2, 0xAE, 0x6D, 0x3A, 0xB2, 0x94,
  0xD4, 0x0B, 0x0E, 0x5B, 0xAA, 0xBD, 0x4D, 0x29, 0xFC, 0xE3, 0x3E, 0x39, 0x5C, 0x22, 0x72, 0xB2, 0x2F, 0x7F, 0xF3, 0x5F,
  0xCD, 0x43, 0x98, 0x47, 0x20, 0x56, 0xAE, 0xA5, 0x59, 0x41, 0x99, 0x22, 0xE5, 0x38, 0xF9, 0x55, 0xAC, 0xF7, 0x9A, 0xFB,
  0xE5, 0x7A, 0x14, 0x68, 0x0D, 0xEA, 0xF2, 0x58, 0xED, 0xFA, 0x2D, 0xDB, 0xAE, 0x2F, 0xE6, 0x4E, 0x63, 0xBE, 0x86, 0x81,
  0xF5, 0xB9, 0xF3, 0x98, 0xFA, 0xC9, 0xF9, 0xFD, 0x7D, 0xE1, 0x31, 0x77, 0x37, 0xC3, 0xB9, 0xF4, 0x5F, 0x8B, 0xA1, 0xDF,
  0x5C, 0xBC, 0x95, 0xA6, 0x7E, 0xC4, 0xC2, 0x6A, 0x99, 0x67, 0xE6, 0x13, 0xE9, 0x0C, 0xE9, 0x72, 0x67, 0x9C, 0x3E, 0xB2,
  0xDF, 0xB3, 0x1B, 0x96, 0xC3, 0xAF, 0x5B, 0xE2, 0x5B, 0x7A, 0xF0, 0xC2, 0x15, 0x5B, 0x0B, 0x11, 0x52, 0xC9, 0xDD, 0xFF,
  0xFC, 0x32, 0x1D, 0xF7, 0xD4, 0x7E, 0x97, 0xCF, 0x86, 0x7C, 0x62, 0x05, 0x69, 0x42, 0xF7, 0xD2, 0x77, 0xA4, 0xEF, 0x0D,
  0x1A, 0x52, 0x4D, 0xD5, 0xD4, 0x94, 0xEE, 0x82, 0x89, 0x6F, 0x04, 0x32, 0x08, 0xED, 0x58, 0xBA, 0x2B, 0xB6, 0x3B, 0xC8,
  0xEE, 0xE7, 0xFE, 0x7F, 0xD8, 0x0F, 0xE6, 0xFE, 0x60, 0x1D, 0x41, 0xD6, 0x75, 0x2D, 0x50, 0x8A, 0xA5, 0x6B, 0x2A, 0x19,
  0x9F, 0xC6, 0x87, 0x9A, 0x87, 0x9D, 0x08, 0xA9, 0xA1, 0xC0, 0xB6, 0xB3, 0x77, 0x18, 0x3D, 0x05, 0x76, 0x85, 0x9E, 0x79,
  0x48, 0xC8, 0x57, 0xC8, 0xF3, 0xB5, 0x32, 0xA5, 0x8E, 0x55, 0x14, 0x1C, 0x99, 0xED, 0xBF, 0xDE, 0x45, 0xE6, 0x67, 0x05,
  0xD6, 0x7C, 0x52, 0x2B, 0xBA, 0xC2, 0x78, 0xE3, 0x32, 0xDC, 0xF3, 0xE5, 0xE7, 0x5F, 0x14, 0x02, 0x80, 0x4E, 0xFF, 0xF2,
  0xD4, 0x8C, 0x0B, 0xA4, 0x0D, 0xC8, 0xED, 0xFF, 0xF9, 0x78, 0x8E, 0x01, 0x5E, 0x7A, 0xC4, 0x84, 0xB8, 0xE4, 0x87, 0xA9,
  0xAB, 0x84, 0x5C, 0x9A, 0xAF, 0x41, 0x40, 0xB4, 0x7C, 0xBF, 0xEE, 0x2B, 0xB0, 0xD2, 0xAC, 0x51, 0x85, 0x86, 0xA6, 0x9A,
  0x46, 0xAF, 0x4A, 0xE9, 0xA6, 0x9A, 0x91, 0xB6, 0xC6, 0xE1, 0xF0, 0xB5, 0x0A, 0x02, 0xA0, 0x1C, 0x64, 0x82, 0x60, 0xE8,
  0x8D, 0x23, 0x37, 0x0C, 0x1E, 0xEF, 0xCC, 0xF9, 0x5D, 0x22, 0x4B, 0x67, 0xAE, 0xB9, 0xF9, 0xAE, 0x39, 0xF7, 0x15, 0x3B,
  0xA7, 0x4E, 0x3B, 0xE7, 0x81, 0x88, 0x92, 0xE0, 0xA1, 0x17, 0x48, 0x52, 0x3A, 0xDC, 0x2C, 0x73, 0x57, 0xB8, 0xB4, 0xBF,
  0xC3, 0x28, 0x0E, 0x83, 0x4E, 0xFC, 0x18, 0x75, 0x7E, 0x93, 0x08, 0xCE, 0x67, 0x4C, 0xB8, 0x42, 0xFF, 0x6B, 0x27, 0xA9,
  0x2E, 0x18, 0xA4, 0xB6, 0x9C, 0xEE, 0xF6, 0xDD, 0x1F, 0xBD, 0x42, 0x6E, 0x78, 0xBA, 0xC5, 0xD0, 0x9B, 0xCD, 0xC6, 0xC7,
  0x84, 0x39, 0xFC, 0x9D, 0x11, 0x23, 0xE9, 0x70, 0x8A, 0xAE, 0x18, 0x9B, 0xD4, 0x74, 0xCE, 0x06, 0xD1, 0x66, 0x7E, 0x3C,
  0xF0, 0x8E, 0x73, 0x02, 0xC2, 0x40, 0x88, 0xFF, 0x74, 0xFB, 0x97, 0xBF, 0xC0, 0xFC, 0x8C, 0x77, 0xF8, 0x39, 0x2D, 0xB2,
  0xB8, 0x4F, 0x84, 0xF7, 0x6B, 0x7E, 0x71, 0x7B, 0xF1, 0x80, 0x7D, 0x79, 0xE3, 0x17, 0x24, 0x25, 0x17, 0x5C, 0x9E, 0xDB,
  0x66, 0xF3, 0x87, 0xE1, 0xFC, 0x3A, 0xB4, 0x1E, 0xA1, 0x0E, 0xF4, 0xEE, 0x1F, 0x31, 0xAD, 0x2B, 0x08, 0xBA, 0x1F, 0x9D,
  0xBD, 0xAD, 0xC2, 0x64, 0xB4, 0x16, 0x6F, 0x9F, 0xBD, 0xB5, 0x4E, 0x8B, 0xBE, 0x7F, 0xDD, 0x9F, 0x0E, 0x22, 0xAE, 0x55,
  0x89, 0x16, 0x3F, 0x3E, 0x7B, 0xE7, 0xEC, 0x87, 0xDC, 0x43, 0x96, 0x4E, 0xA5, 0xF3, 0xE8, 0xA9, 0x78, 0x9E, 0x71, 0xF6,
  0x41, 0x62, 0x40, 0xF7, 0xFA, 0x2F, 0x7F, 0xF5, 0x0F, 0xFF, 0xFB, 0xDE, 0x2D, 0x46, 0x3B, 0x80, 0x0C, 0x9A, 0x5C, 0xD5,
  0xFE, 0x84, 0x2F, 0xDB, 0xC7, 0x68, 0x4D, 0x43, 0xC1, 0x15, 0x7E, 0xFF, 0x8C, 0xEC, 0x69, 0x56, 0xBB, 0x96, 0xDF, 0xBA,
  0x63, 0x23, 0x34, 0xCA, 0x8C, 0x5C, 0xC1, 0xDF, 0x22, 0x34, 0xBF, 0x43, 0xC1, 0xB8, 0x52, 0x96, 0x00, 0x91, 0xF6, 0x73,
  0xB2, 0xD7, 0xFD, 0x81, 0xC7, 0x13, 0x71, 0x4F, 0xFD, 0xCF, 0xF8, 0x9D, 0xD4, 0x9F, 0x10, 0xA7, 0x5A, 0x4B, 0xA8, 0x30,
  0xF5, 0x99, 0xA5, 0x14, 0xBC, 0xA9, 0xC5, 0x1A, 0x7E, 0xCB, 0x3B, 0x7E, 0x25, 0x18, 0x8F, 0xA3, 0xAC, 0x34, 0x28, 0xDA,
  0x7D, 0x7B, 0xCA, 0xA1, 0xD2, 0x4A, 0x1D, 0x44, 0x48, 0x09, 0xED, 0x50, 0xB0, 0x37, 0xAE, 0xEC, 0xD2, 0xEC, 0x01, 0xE7,
  0x68, 0x0F, 0x63, 0x9B, 0x60, 0x51, 0xDE, 0x7A, 0x5C, 0xED, 0xD5, 0xC8, 0x9B, 0xF5, 0xEC, 0xC6, 0xE3, 0x6A, 0xAF, 0x8E,
  0xED, 0xFD, 0xEE, 0xF1, 0x8D, 0xAF, 0xC1, 0xED, 0x3D, 0x8F, 0xAD, 0xBD, 0xA6, 0xF0, 0xDE, 0x7D, 0x5C, 0xED, 0xB5, 0xF8,
  0x7A, 0xDC, 0x3C, 0xDF, 0xB1, 0x9A, 0x7E, 0x6F, 0x18, 0x21, 0x74, 0x22, 0x78, 0x7C, 0xE6, 0x46, 0xEC, 0x14, 0xC2, 0x2E,
  0x4D, 0xD4, 0x96, 0x76, 0x9A, 0x16, 0xE7, 0x15, 0x4B, 0x25, 0x7F, 0x2D, 0x21, 0xC1, 0x9D, 0x34, 0x5F, 0xCB, 0xD6, 0xB9,
  0x53, 0x6D, 0x53, 0xB4, 0x09, 0x36, 0x7D, 0x65, 0x1E, 0x4E, 0x92, 0xE6, 0x57, 0xC5, 0x9C, 0x2C, 0x35, 0xD4, 0x49, 0xDB,
  0x37, 0xDD, 0xA2, 0xA1, 0xC7, 0x8A, 0x5E, 0x8A, 0xFA, 0xF3, 0x60, 0x86, 0x94, 0x66, 0x6B, 0xCB, 0x08, 0xBF, 0x63, 0x57,
  0xFE, 0x82, 0xD1, 0x15, 0xE1, 0x37, 0xC8, 0x5D, 0x98, 0x5F, 0x6D, 0x0F, 0x1A, 0x0A, 0xCB, 0x93, 0xB4, 0x4B, 0x1E, 0x35,
  0x40, 0xD3, 0xAA, 0x2D, 0x33, 0x23, 0x00, 0x30, 0xA4, 0x82, 0xD1, 0xCE, 0xD7, 0xBF, 0x06, 0x1C, 0x0F, 0x1A, 0xDB, 0x7D,
  0x1D, 0x87, 0x76, 0x12, 0x0C, 0x3A, 0x95, 0x22, 0x5E, 0xC1, 0xDC, 0xC9, 0xC1, 0xC6, 0x79, 0x4B, 0x28, 0x41, 0x18, 0x64,
  0x55, 0xEC, 0x8F, 0xA3, 0x4E, 0x6E, 0x56, 0x8A, 0x62, 0x2F, 0x0E, 0xFA, 0xB9, 0xD3, 0xA2, 0x2C, 0x5F, 0x95, 0xE5, 0xDF,
  0x23, 0xF2, 0x2C, 0x14, 0x44, 0x55, 0xBE, 0x37, 0xF7, 0xBD, 0x78, 0xE4, 0x6B, 0x15, 0x6A, 0xB2, 0xC2, 0x3F, 0x52, 0x84,
  0xC7, 0xDB, 0xE8, 0xF1, 0xAD, 0x8A, 0xCF, 0xBD, 0x60, 0xDA, 0x0B, 0x0F, 0xB5, 0xE2, 0x75, 0x59, 0xFC, 0x03, 0x34, 0xA4,
  0x20, 0x83, 0x52, 0x85, 0x87, 0xA0, 0x52, 0x68, 0x25, 0x1B, 0x6A, 0xE4, 0x64, 0x8E, 0xFA, 0xB1, 0xD6, 0x6C, 0xDF, 0x9B,
  0x0E, 0xC6, 0x7A, 0xD9, 0xA6, 0x2C, 0x7B, 0x5B, 0x48, 0x22, 0xF7, 0x91, 0x40, 0x27, 0x2D, 0x8F, 0x8D, 0x31, 0xB4, 0x92,
  0x96, 0xEF, 0x2E, 0x3E, 0x2E, 0xF3, 0x78, 0x9E, 0x5B, 0xD6, 0x4C, 0xBD, 0xFD, 0x79, 0x38, 0xF7, 0xB4, 0x5A, 0xDB, 0xC9,
  0xC8, 0x41, 0x73, 0xA4, 0x3C, 0x81, 0xB2, 0x6C, 0xD8, 0xF7, 0xBD, 0xA9, 0x56, 0xB4, 0x9D, 0x0C, 0xE7, 0x21, 0xD9, 0x4D,
  0xC8, 0x03, 0x5E, 0x15, 0x9F, 0x85, 0x80, 0x7B, 0xFA, 0xF0, 0x77, 0x64, 0xF9, 0xDF, 0x70, 0x8F, 0x79, 0xB2, 0x0D, 0xDF,
  0xB1, 0xCA, 0xF3, 0xFB, 0xE2, 0xF5, 0xA5, 0xAA, 0x24, 0xD5, 0xF8, 0xED, 0x5F, 0x20, 0x9A, 0xA8, 0x4A, 0x13, 0x3F, 0xF6,
  0xC3, 0xB9, 0x5E, 0xBC, 0xAA, 0xA1, 0x02, 0x19, 0xB5, 0x3E, 0xA2, 0xA8, 0x00, 0x74, 0xF6, 0xFA, 0x42, 0x43, 0x88, 0x79,
  0xD8, 0xD3, 0xC7, 0x56, 0x55, 0x0B, 0xFC, 0x0B, 0x0A, 0x58, 0xBC, 0x4F, 0x90, 0xFA, 0x44, 0x5F, 0xE4, 0xFD, 0xE9, 0x14,
  0x23, 0xBE, 0xB5, 0x3A, 0x6A, 0x95, 0xDF, 0x17, 0xB8, 0x4C, 0xB6, 0x1F, 0x64, 0x89, 0xD0, 0xA7, 0xAA, 0x38, 0x45, 0x51,
  0x2C, 0xBA, 0x7E, 0xAC, 0xD7, 0x54, 0xAB, 0xFE, 0x6B, 0x0C, 0x8D, 0xC0, 0xD5, 0x54, 0xC5, 0x61, 0xFA, 0xBE, 0x31, 0x21,
  0xB5, 0xEA, 0xEF, 0xD2, 0xDE, 0x79, 0x87, 0xC7, 0xF4, 0x6A, 0xAB, 0x4E, 0xF0, 0xFA, 0xFA, 0xD7, 0xDE, 0xE8, 0xCA, 0x7D,
  0xF1, 0xD2, 0x53, 0x2F, 0x3E, 0xBB, 0x7B, 0x72, 0xDA, 0xBD, 0xF2, 0x17, 0x65, 0x90, 0x17, 0x9F, 0xF5, 0xFA, 0xA3, 0xFC,
  0x70, 0x7F, 0x2A, 0x44, 0xF9, 0xC2, 0x09, 0x2F, 0xF0, 0xFA, 0xB0, 0x1C, 0x0C, 0xDE, 0xD8, 0x1D, 0x96, 0xB1, 0xF5, 0xEE,
  0x69, 0x41, 0xD4, 0xBE, 0xFA, 0xDD, 0xA7, 0xAE, 0x3D, 0xF3, 0xDC, 0xB3, 0x57, 0x77, 0x5F, 0xC7, 0xA4, 0x42, 0xF8, 0x2F,
  0x57, 0x54, 0xE9, 0x85, 0xE8, 0x53, 0xBD, 0x57, 0x17, 0x9F, 0x6A, 0x83, 0x9D, 0x1A, 0x7E, 0xE2, 0xE7, 0x55, 0xF8, 0xA9,
  0xDE, 0x6B, 0xD7, 0x86, 0x2D, 0xFC, 0x54, 0xA9, 0x0C, 0x1A, 0xBC, 0xAE, 0x50, 0x67, 0xE4, 0xF0, 0xBE, 0xFB, 0xFC, 0x95,
  0xE7, 0xBF, 0xF7, 0xC2, 0x53, 0x4F, 0x3F, 0xFB, 0xC2, 0xD5, 0xDD, 0x93, 0x7E, 0x38, 0x9D, 0x92, 0x68, 0x27, 0xB0, 0xE8,
  0x13, 0x33, 0xFE, 0x0E, 0x26, 0xC9, 0x0B, 0xA0, 0xE4, 0xEA, 0x2A, 0x01, 0xA8, 0x0C, 0xC2, 0x4E, 0xAE, 0xE8, 0xCD, 0xBE,
  0x37, 0x09, 0x07, 0x08, 0xA4, 0xDF, 0xD2, 0x52, 0x7C, 0x2E, 0x6C, 0xBC, 0x24, 0xA4, 0xBF, 0x8D, 0x51, 0x49, 0xB9, 0x22,
  0x10, 0x6C, 0xBD, 0xBB, 0xF7, 0xC9, 0x15, 0xD4, 0xD1, 0xE7, 0xA9, 0x18, 0x28, 0x12, 0x0D, 0x7F, 0xF7, 0x84, 0x2E, 0xB9,
  0x02, 0xF5, 0xA7, 0xC8, 0xF3, 0x54, 0x4D, 0xFD, 0x28, 0x82, 0x35, 0xA9, 0x14, 0x7D, 0x4A, 0x94, 0x06, 0x94, 0x87, 0x32,
  0x88, 0x00, 0x02, 0xB5, 0x65, 0xC5, 0xC3, 0x68, 0x77, 0xBA, 0x3F, 0x1E, 0x77, 0x91, 0x16, 0x4A, 0xB8, 0xB3, 0x7F, 0x93,
  0x0F, 0x06, 0x85, 0x93, 0xB9, 0x1F, 0xEF, 0xCF, 0xA7, 0x6C, 0x10, 0xF6, 0xF7, 0x27, 0x68, 0xB8, 0xDB, 0xF3, 0xE3, 0x67,
  0xC7, 0x3E, 0x7E, 0x7C, 0xFA, 0xF8, 0xF9, 0x01, 0x16, 0xE9, 0x9E, 0x6A, 0x95, 0x88, 0xB4, 0xE6, 0x27, 0xD1, 0x5E, 0x11,
  0xD5, 0xB6, 0xC2, 0x09, 0xB6, 0x1E, 0xEF, 0xFE, 0x9B, 0xBC, 0xA0, 0xB9, 0x85, 0x6E, 0x5C, 0x46, 0xD5, 0xE0, 0x19, 0x6E,
  0x4C, 0xDA, 0x85, 0x82, 0xF0, 0x84, 0xF8, 0x01, 0x1E, 0xBB, 0x73, 0x57, 0x70, 0x96, 0xDB, 0xCC, 0x63, 0xED, 0x37, 0xDF,
  0xCC, 0x41, 0x05, 0x91, 0xF3, 0x26, 0xDC, 0x8F, 0x13, 0x94, 0x28, 0x9C, 0x18, 0x95, 0x72, 0xDD, 0xD3, 0x62, 0xAD, 0x56,
  0xA9, 0xD0, 0x50, 0xB4, 0xC1, 0x78, 0xB3, 0x20, 0x8F, 0x9E, 0xDD, 0x45, 0xD8, 0x73, 0xA3, 0x70, 0x50, 0xC4, 0x54, 0xBF,
  0xC5, 0x28, 0x18, 0xE3, 0xC5, 0x95, 0x94, 0xFA, 0x58, 0x4C, 0x6E, 0xE8, 0xC7, 0x80, 0x70, 0x54, 0xF2, 0x84, 0x17, 0xED,
  0xF0, 0x3F, 0x30, 0x82, 0x6F, 0x3F, 0x7B, 0x2D, 0x57, 0xE4, 0x69, 0x2E, 0xA3, 0xCE, 0x49, 0x4E, 0x0C, 0xBC, 0x74, 0x0D,
  0xC6, 0x97, 0xEB, 0x90, 0xF6, 0x10, 0xF4, 0x29, 0xF4, 0x68, 0xEB, 0xFB, 0x51, 0x28, 0x69, 0x0D, 0xE6, 0x3D, 0x1E, 0x80,
  0x66, 0x04, 0xBF, 0x9E, 0xFC, 0x77, 0x57, 0x5F, 0x7E, 0xA9, 0x0C, 0xBB, 0x17, 0x10, 0x22, 0x18, 0x1E, 0xE7, 0xF1, 0x59,
  0xA1, 0x03, 0xBA, 0xA3, 0x3F, 0x0C, 0xA6, 0xFE, 0xE0, 0xB4, 0xC0, 0xCB, 0x97, 0x81, 0x78, 0x4F, 0x93, 0x09, 0xCE, 0x15,
  0xE0, 0xE7, 0x65, 0x6C, 0x37, 0x0F, 0x53, 0x93, 0x25, 0xFB, 0x98, 0x19, 0x2A, 0x29, 0x0A, 0x40, 0x0E, 0x86, 0xF9, 0x0B,
  0x62, 0x5A, 0x1C, 0xFE, 0x40, 0x0B, 0xC9, 0xAF, 0xE4, 0x23, 0xE9, 0xEC, 0xF3, 0x31, 0x10, 0x87, 0x4F, 0x71, 0x0B, 0xE6,
  0xFC, 0xF9, 0x1C, 0x57, 0x61, 0x34, 0x07, 0x38, 0x8B, 0x4D, 0xA4, 0xAF, 0xDF, 0xC0, 0xEF, 0x81, 0x62, 0xDB, 0xF7, 0xF3,
  0xC3, 0x69, 0x71, 0x12, 0x89, 0xF5, 0xEB, 0x4A, 0x38, 0x25, 0xF0, 0xC7, 0xE7, 0xDE, 0x2E, 0x48, 0xCA, 0x84, 0x15, 0x51,
  0xB1, 0x4F, 0x86, 0xDC, 0x6E, 0x7F, 0xEC, 0x7B, 0x73, 0xB9, 0x5C, 0x31, 0xF4, 0xB3, 0xEB, 0x5E, 0xBE, 0xE1, 0xB4, 0x4C,
  0x8A, 0x57, 0xBE, 0x5F, 0xF4, 0x60, 0x6A, 0xD8, 0x55, 0xF7, 0x94, 0xAF, 0x9E, 0xCD, 0x81, 0xBF, 0xEB, 0xF7, 0xAE, 0x82,
  0x82, 0xE9, 0xC7, 0x16, 0x43, 0x55, 0x43, 0x16, 0x5B, 0xE4, 0xBB, 0x57, 0xF3, 0x7C, 0x51, 0x01, 0x1A, 0x0A, 0x5B, 0xF9,
  0x11, 0x78, 0x81, 0x8F, 0x5F, 0x64, 0x6D, 0x3F, 0x16, 0x29, 0xFD, 0xA1, 0xDC, 0x61, 0xA4, 0xBF, 0x62, 0xB4, 0x0F, 0xFC,
  0xC3, 0xA4, 0xCB, 0x7C, 0xEE, 0x10, 0x8F, 0x4B, 0x73, 0x9B, 0xA0, 0xE2, 0xD2, 0x22, 0x97, 0x51, 0x20, 0xDA, 0xCC, 0x6D,
  0x1D, 0x46, 0xB9, 0x82, 0xAA, 0x53, 0x0E, 0xA7, 0x13, 0xD8, 0x63, 0x1E, 0xA8, 0x93, 0xFA, 0xAA, 0x60, 0x4F, 0x5C, 0xBB,
  0xA4, 0x9C, 0x23, 0x79, 0x42, 0x84, 0x99, 0x37, 0x8F, 0xFC, 0xBC, 0x5F, 0xC6, 0x50, 0x88, 0x02, 0xCC, 0x99, 0x2F, 0xA6,
  0x7F, 0x54, 0x38, 0x39, 0x3D, 0xD5, 0x1B, 0x24, 0xD1, 0x6A, 0x57, 0x83, 0x98, 0xDC, 0xA2, 0xB8, 0xD6, 0xF6, 0xF4, 0x34,
  0x18, 0x2B, 0x60, 0x14, 0xEB, 0x15, 0xDA, 0x10, 0x7A, 0xA3, 0xB0, 0xF6, 0xE1, 0x5C, 0x6F, 0x94, 0x83, 0x00, 0xDE, 0x51,
  0x77, 0x79, 0x59, 0x5C, 0x8E, 0x8A, 0x63, 0xD6, 0x79, 0x7A, 0x23, 0x64, 0x52, 0x15, 0xBC, 0xC1, 0xE0, 0x59, 0xB4, 0xF6,
  0x63, 0x8C, 0xBC, 0x0F, 0xBD, 0xE7, 0x73, 0x07, 0x41, 0x14, 0xF4, 0x82, 0x71, 0x10, 0x1F, 0x73, 0xFD, 0x3B, 0x57, 0xD4,
  0x46, 0x23, 0x16, 0x2F, 0xD5, 0xE1, 0x89, 0xB6, 0xC2, 0x5D, 0xDC, 0xD3, 0xB9, 0x2D, 0xF8, 0xBD, 0x15, 0xF1, 0x54, 0x2E,
  0x45, 0xBE, 0x45, 0x11, 0x38, 0x45, 0x32, 0x7C, 0xF1, 0xAD, 0xA4, 0x41, 0xBE, 0x60, 0x6F, 0x19, 0x00, 0x36, 0x8D, 0x95,
  0x31, 0x1F, 0x93, 0xFC, 0x73, 0x28, 0xD0, 0x7A, 0xE9, 0xA0, 0x50, 0x40, 0x38, 0x95, 0xB0, 0xC7, 0xE9, 0x15, 0xBA, 0x2E,
  0x24, 0xA5, 0x7C, 0xBA, 0x66, 0x58, 0x5D, 0x06, 0xB6, 0xCA, 0x58, 0x17, 0xE4, 0x61, 0x7C, 0xCA, 0x6A, 0xBA, 0xFF, 0x61,
  0xDF, 0x9F, 0x1F, 0x5F, 0x25, 0x9D, 0x37, 0x9C, 0x3F, 0x35, 0x1E, 0xE7, 0x73, 0xE2, 0x6A, 0xC2, 0x5C, 0x21, 0xCD, 0x15,
  0x61, 0xC0, 0x11, 0xA7, 0x81, 0x08, 0xDD, 0xF2, 0xDC, 0x9F, 0x84, 0x07, 0x7E, 0x3E, 0x27, 0x74, 0x8D, 0x02, 0xDF, 0xD9,
  0x0C, 0x88, 0x38, 0x65, 0x86, 0xC8, 0x6D, 0x52, 0x7F, 0x5A, 0x05, 0x58, 0x1B, 0xAD, 0xF4, 0xAA, 0x71, 0x68, 0x17, 0x63,
  0xB8, 0x06, 0x23, 0xC8, 0x29, 0xEC, 0x2E, 0xAD, 0x07, 0xAE, 0xE5, 0xA8, 0x4E, 0x8A, 0xC4, 0x3B, 0x9E, 0x8A, 0x81, 0x12,
  0x82, 0xC4, 0x0E, 0xCF, 0x65, 0x34, 0x50, 0xAE, 0x00, 0x10, 0xA2, 0xE1, 0xC9, 0x41, 0xE3, 0x6E, 0x1B, 0x5F, 0x85, 0xCE,
  0x61, 0x4B, 0xE1, 0xAD, 0x38, 0xCF, 0xC7, 0xFE, 0x24, 0x4F, 0x21, 0x44, 0x45, 0x5E, 0x4E, 0x60, 0x0A, 0x7E, 0x81, 0xBA,
  0x18, 0x8E, 0x07, 0xFB, 0x18, 0x48, 0xEA, 0xFC, 0xCA, 0x51, 0x3E, 0xFD, 0xD6, 0x3B, 0xC8, 0x15, 0xD0, 0xAB, 0xE9, 0x8A,
  0x77, 0x10, 0xCE, 0x83, 0xD8, 0x8F, 0xD2, 0x65, 0x30, 0x2C, 0x8B, 0xCA, 0x90, 0xCA, 0xB1, 0x3F, 0x76, 0x96, 0xF1, 0x63,
  0x51, 0x46, 0x45, 0x71, 0xCA, 0xCC, 0xF2, 0x29, 0x74, 0xB8, 0x4D, 0x89, 0x95, 0x85, 0x90, 0x9E, 0x85, 0x0A, 0x46, 0x86,
  0x60, 0x02, 0x20, 0x31, 0x70, 0xD8, 0xA8, 0xBB, 0x17, 0xE4, 0xA7, 0x2E, 0x9F, 0x97, 0x28, 0xC4, 0xAF, 0xA9, 0x50, 0x3B,
  0x80, 0xD2, 0xDD, 0xC2, 0x06, 0x78, 0xE5, 0xE5, 0xAB, 0xB0, 0x03, 0x90, 0xEF, 0xCB, 0x6A, 0xA7, 0x8E, 0x5D, 0x60, 0x51,
  0x7A, 0xA3, 0x61, 0xEA, 0x1D, 0x69, 0x7A, 0x0F, 0x79, 0xB5, 0xCA, 0x66, 0x2C, 0x72, 0xF8, 0x2F, 0x59, 0x54, 0xD9, 0xA1,
  0xC2, 0x36, 0x2D, 0xB9, 0x6F, 0xC1, 0x60, 0xF5, 0xB2, 0xE4, 0x93, 0x39, 0xCD, 0x18, 0xCC, 0xE5, 0x17, 0x92, 0x14, 0xAD,
  0x64, 0x08, 0xB9, 0x4C, 0xD8, 0x1A, 0x39, 0x49, 0x1D, 0x5A, 0x56, 0x04, 0x13, 0xE3, 0x59, 0x40, 0x77, 0x13, 0x6E, 0x26,
  0x31, 0xF5, 0xA0, 0x70, 0x92, 0xC0, 0x2F, 0x91, 0x8F, 0x12, 0x20, 0x92, 0x0D, 0xAB, 0x43, 0x64, 0xFA, 0xF9, 0x69, 0x0C,
  0xE5, 0x91, 0x54, 0x14, 0x1B, 0x48, 0xDD, 0x34, 0xE0, 0x99, 0x79, 0x46, 0x0F, 0x38, 0xFC, 0x60, 0xF6, 0x49, 0x66, 0x50,
  0x73, 0xF2, 0x2F, 0x82, 0x6C, 0x51, 0x26, 0x93, 0x71, 0xFE, 0x60, 0xAB, 0xD6, 0x6C, 0x7E, 0xB3, 0x0A, 0x0D, 0x6E, 0xE6,
  0x9E, 0xC8, 0x75, 0x93, 0x65, 0x4F, 0x46, 0xB3, 0xAB, 0x75, 0xDF, 0x4D, 0xA6, 0x83, 0xDF, 0xB2, 0x80, 0x22, 0x92, 0x86,
  0x66, 0xA1, 0xDA, 0xC8, 0x3F, 0xBA, 0x16, 0x7E, 0x67, 0xAF, 0x97, 0x1F, 0x15, 0x4E, 0x46, 0xBB, 0x30, 0x14, 0x9F, 0xFC,
  0x82, 0xF2, 0xB9, 0x8B, 0x30, 0x73, 0x58, 0x66, 0xCE, 0x05, 0x4F, 0xE6, 0xC9, 0xC4, 0x47, 0xE5, 0x68, 0xBF, 0x07, 0x62,
  0x4B, 0xBE, 0x52, 0xAC, 0x15, 0x8A, 0xD5, 0x56, 0xA1, 0xB8, 0xE7, 0x78, 0x59, 0x93, 0x2F, 0x7B, 0x8E, 0x97, 0x0D, 0xF1,
  0x92, 0x18, 0xBB, 0x5C, 0x19, 0x8A, 0xD0, 0x73, 0x2C, 0xCC, 0x7C, 0xAF, 0xA7, 0x2F, 0x0D, 0xCF, 0x1D, 0x2A, 0x57, 0x05,
  0x5F, 0x3A, 0x57, 0x41, 0xCB, 0x18, 0x3A, 0x42, 0x26, 0x2A, 0x96, 0x21, 0x49, 0x60, 0x5A, 0x28, 0x93, 0x81, 0xA1, 0x9C,
  0xD8, 0xEC, 0x77, 0xA1, 0x60, 0x57, 0x96, 0xC1, 0xF4, 0x9D, 0xE6, 0x4A, 0xC1, 0x5B, 0x40, 0xF2, 0x57, 0xD1, 0x5E, 0xFD,
  0x8C, 0x47, 0x8C, 0x40, 0x8D, 0x3A, 0x9F, 0x40, 0x11, 0xFA, 0xB2, 0xF7, 0xD3, 0x2C, 0xE8, 0x5F, 0xBF, 0x4A, 0x59, 0x3B,
  0xF9, 0x50, 0xD4, 0x30, 0x30, 0xEB, 0x69, 0x81, 0x5B, 0x94, 0xA9, 0xEF, 0xD4, 0xA8, 0xDD, 0x72, 0x8F, 0x19, 0x9F, 0x9B,
  0xB5, 0xB0, 0x09, 0xD9, 0x53, 0x5B, 0x78, 0x0F, 0xB7, 0xB0, 0xC8, 0x77, 0x58, 0x40, 0x79, 0x61, 0xAF, 0xDC, 0x1F, 0x05,
  0xE3, 0x81, 0x10, 0xDB, 0x9F, 0x01, 0x20, 0xC4, 0x42, 0xEC, 0x61, 0xFB, 0x33, 0xA0, 0xC2, 0xFE, 0x95, 0x23, 0xA0, 0xF6,
  0x82, 0xBA, 0xEC, 0x95, 0x03, 0x60, 0xB6, 0xF3, 0xE7, 0xAE, 0xBD, 0xF8, 0x02, 0x0A, 0xD6, 0xF8, 0x28, 0x43, 0x29, 0xE3,
  0x14, 0x1F, 0x7B, 0x1C, 0xEC, 0x2A, 0xDE, 0xD1, 0x47, 0x3B, 0x84, 0x2F, 0xBA, 0x02, 0x1A, 0x1F, 0x1C, 0x28, 0x41, 0x69,
  0xA0, 0x8B, 0xEC, 0xC3, 0x23, 0x7E, 0x96, 0xDF, 0x1D, 0x20, 0x81, 0xB7, 0xB9, 0x02, 0x10, 0xF4, 0x22, 0x2A, 0x7B, 0x49,
  0xD5, 0x64, 0x50, 0x1B, 0x56, 0x8E, 0x47, 0x4A, 0x5B, 0x6B, 0x24, 0xF3, 0xDE, 0xD8, 0x1C, 0x42, 0x57, 0xD1, 0xE6, 0x86,
  0xCB, 0xA3, 0x43, 0xF3, 0x6B, 0x34, 0x93, 0x79, 0x5B, 0xCD, 0x4E, 0xE9, 0x46, 0x0F, 0x6C, 0x0A, 0x3F, 0x6D, 0x6E, 0xF0,
  0x42, 0x1B, 0x62, 0x40, 0xB0, 0x58, 0xE4, 0x41, 0x76, 0x17, 0x24, 0xEB, 0x9F, 0x9E, 0xFD, 0x4C, 0x25, 0xA2, 0xF9, 0x84,
  0xEC, 0x0A, 0x68, 0x40, 0xE1, 0xD1, 0x5C, 0x8B, 0x3F, 0x08, 0xDB, 0xCE, 0x3D, 0x96, 0x6F, 0x56, 0x30, 0xB3, 0xE8, 0xD9,
  0xCD, 0x42, 0x02, 0xB8, 0x78, 0x32, 0x57, 0x33, 0x4C, 0x0B, 0x4B, 0x71, 0xB8, 0xDF, 0x1F, 0xD1, 0x25, 0x71, 0x86, 0x98,
  0x04, 0x95, 0x32, 0xA4, 0x6A, 0x04, 0x45, 0xE0, 0x1F, 0xF2, 0x84, 0xD8, 0x79, 0x0E, 0xC0, 0xD3, 0x62, 0x93, 0x24, 0xB3,
  0xE2, 0x09, 0x5E, 0x47, 0x0F, 0x34, 0xBB, 0x83, 0x42, 0xD2, 0x69, 0x61, 0x55, 0xBF, 0x80, 0x57, 0x46, 0xAF, 0xA6, 0x64,
  0x3F, 0x99, 0x2B, 0x66, 0x8D, 0x6D, 0x48, 0xAB, 0x9D, 0x56, 0x1E, 0x46, 0x68, 0x8E, 0x43, 0x5E, 0x43, 0x86, 0x82, 0x3F,
  0xEE, 0x28, 0x44, 0xC9, 0xBC, 0x58, 0x61, 0xD1, 0x94, 0x8D, 0x8D, 0xFA, 0xF6, 0x32, 0xDE, 0xAD, 0x94, 0x9B, 0x24, 0x7A,
  0x39, 0x64, 0x95, 0xBE, 0xC4, 0xDC, 0xBE, 0x83, 0xAD, 0x45, 0xC0, 0xB6, 0x8A, 0x8A, 0x92, 0xF5, 0x5D, 0x12, 0x0B, 0x0A,
  0x1B, 0x28, 0xB1, 0x70, 0xA2, 0xCD, 0x75, 0xEA, 0x42, 0x5A, 0x91, 0x32, 0xD7, 0x02, 0x35, 0xE9, 0x84, 0xB8, 0xF1, 0x4A,
  0x09, 0xCF, 0x09, 0x06, 0x9D, 0x60, 0x20, 0xB4, 0x72, 0xDE, 0x2C, 0x7D, 0x3E, 0x35, 0x55, 0xEB, 0x04, 0xA2, 0xD8, 0x5A,
  0xC2, 0x37, 0x78, 0x6B, 0xBB, 0xC1, 0xA0, 0x9B, 0xDE, 0xCD, 0xA4, 0x19, 0x4A, 0x16, 0x7D, 0xA2, 0xC4, 0x0B, 0x44, 0x01,
  0x4B, 0xB2, 0x38, 0x35, 0x45, 0x8B, 0xB5, 0x87, 0xE8, 0x94, 0x33, 0x18, 0x93, 0x7A, 0xA8, 0x46, 0xC4, 0x3A, 0xA0, 0xD7,
  0x0B, 0x43, 0x4E, 0x30, 0x78, 0xA3, 0x98, 0x0B, 0xAF, 0xE7, 0x04, 0xD0, 0x24, 0x6F, 0xA0, 0x4C, 0xA5, 0xAB, 0x98, 0xB6,
  0x63, 0x64, 0x3A, 0x1C, 0xC4, 0x18, 0x57, 0x33, 0x70, 0x2D, 0x2D, 0xEA, 0x81, 0x04, 0x0D, 0xD5, 0x4D, 0x71, 0x5F, 0x2A,
  0x89, 0x5F, 0xDC, 0xFA, 0x29, 0x26, 0x4B, 0xCB, 0x94, 0xF6, 0x55, 0xE2, 0x31, 0x45, 0x9E, 0xC7, 0x48, 0x9E, 0x65, 0xE2,
  0xB0, 0x42, 0x77, 0x9C, 0x45, 0xDA, 0xE8, 0x70, 0x34, 0x33, 0xB7, 0x99, 0x99, 0x23, 0x06, 0xAF, 0x71, 0x56, 0x67, 0xD0,
  0x74, 0x8C, 0x47, 0x5E, 0x44, 0x9F, 0xCB, 0xBB, 0x38, 0xEF, 0x52, 0xA6, 0x45, 0x9D, 0x84, 0x25, 0xF0, 0xC4, 0x1B, 0x85,
  0xB6, 0x70, 0x9C, 0xB9, 0x82, 0x65, 0x84, 0x80, 0x41, 0x46, 0x85, 0x44, 0x59, 0xBE, 0x80, 0xDF, 0xDF, 0x7C, 0x93, 0xFE,
  0x94, 0xC7, 0xFE, 0x74, 0x2F, 0x06, 0x61, 0xE2, 0x51, 0x87, 0xCF, 0x73, 0xED, 0x73, 0x97, 0xBF, 0xBB, 0x9C, 0x54, 0x7E,
  0x26, 0x4E, 0x46, 0xDF, 0x29, 0x9A, 0x67, 0xBA, 0xE2, 0x8A, 0x92, 0xBB, 0x67, 0x3F, 0x39, 0xFB, 0xB9, 0xC8, 0xCC, 0x22,
  0x67, 0x22, 0x94, 0xF7, 0x53, 0x71, 0xEF, 0x64, 0x9A, 0x75, 0x31, 0x46, 0xA3, 0x8D, 0xC2, 0xB9, 0x46, 0x28, 0xBD, 0x62,
  0x4F, 0x99, 0x57, 0x7A, 0xE5, 0x39, 0x50, 0xC5, 0x92, 0x47, 0x7F, 0x60, 0x17, 0xA7, 0xE9, 0xC5, 0x54, 0x82, 0x60, 0x3D,
  0x5E, 0x67, 0x70, 0x39, 0xE8, 0x5C, 0x8E, 0xC3, 0xC1, 0xC4, 0x0C, 0x96, 0x33, 0x2D, 0xC1, 0x00, 0x06, 0xC8, 0x71, 0xF2,
  0x53, 0x60, 0x89, 0xFD, 0xFD, 0xB9, 0xFF, 0x64, 0xEE, 0x4F, 0xB7, 0xDF, 0x7B, 0x97, 0x81, 0x78, 0x9C, 0x2B, 0x6C, 0xC2,
  0x43, 0x78, 0x2F, 0xF9, 0x90, 0x59, 0x73, 0x4E, 0xD9, 0x91, 0x36, 0xA0, 0x0C, 0x7E, 0xDA, 0xDC, 0x60, 0x83, 0xA7, 0x27,
  0x59, 0xAC, 0x8D, 0xAF, 0xCB, 0xE5, 0x2F, 0x7F, 0xF4, 0xAE, 0xC9, 0xD1, 0x32, 0xC8, 0xB8, 0x54, 0xBD, 0x01, 0x49, 0x5E,
  0xF2, 0xE3, 0x3C, 0x1F, 0x45, 0x51, 0x8E, 0x30, 0x21, 0xEB, 0x08, 0x7D, 0x07, 0x61, 0x57, 0xA4, 0x3D, 0x45, 0x1F, 0xAD,
  0x86, 0xA9, 0x59, 0xD1, 0xA8, 0xDA, 0x2A, 0x33, 0x1A, 0x71, 0x4E, 0x52, 0x32, 0xF9, 0x9A, 0x1E, 0xCF, 0xE6, 0xE1, 0x64,
  0x16, 0xE7, 0x37, 0x00, 0xD9, 0xEF, 0x90, 0xD1, 0xFC, 0x3E, 0x3F, 0x5B, 0xBE, 0x9F, 0x5C, 0x8A, 0x7B, 0x8F, 0x81, 0x28,
  0xC0, 0xA1, 0x96, 0xEB, 0x6C, 0x14, 0x5F, 0x7F, 0x83, 0xA4, 0x21, 0xAA, 0xBD, 0x4B, 0x0A, 0x7D, 0x41, 0xC7, 0x1F, 0x49,
  0xB1, 0x9C, 0x26, 0x5B, 0x74, 0x28, 0xCD, 0xF1, 0xB6, 0x72, 0x68, 0xBE, 0x2D, 0xB8, 0x36, 0x91, 0x98, 0x52, 0x42, 0x9A,
  0xB0, 0x7C, 0x87, 0x66, 0x86, 0x9D, 0x76, 0xF0, 0xD7, 0x69, 0x21, 0x6D, 0xE9, 0x13, 0xAA, 0x33, 0xF5, 0x3F, 0x2F, 0x87,
  0xD7, 0x41, 0x43, 0x7A, 0xCF, 0xC8, 0x59, 0x6C, 0x7B, 0xC0, 0x16, 0x6D, 0x33, 0xF0, 0x1D, 0x72, 0x2D, 0xBB, 0x79, 0x76,
  0x0B, 0x55, 0x29, 0xCD, 0xF4, 0x07, 0x92, 0x33, 0xB5, 0x07, 0xA4, 0xB6, 0x23, 0x2C, 0x7F, 0xFA, 0x62, 0x38, 0x84, 0x4E,
  0x47, 0xBA, 0xF8, 0x2C, 0xD2, 0x26, 0x73, 0x91, 0x4F, 0x02, 0xB1, 0x45, 0x12, 0x70, 0x50, 0x0E, 0xF9, 0x04, 0x0E, 0x50,
  0x02, 0xB0, 0x2E, 0xEA, 0xC0, 0xDF, 0x15, 0x0C, 0x03, 0x4A, 0x3C, 0x99, 0xD3, 0x07, 0x81, 0x4C, 0x03, 0x1E, 0x6E, 0xE6,
  0x44, 0x52, 0xF6, 0x5C, 0xC7, 0x78, 0x4D, 0xD7, 0x36, 0xF3, 0xF3, 0x46, 0x0C, 0x77, 0xCF, 0xE9, 0x5C, 0xC5, 0x31, 0xBB,
  0x54, 0x02, 0x17, 0x6B, 0x72, 0xDA, 0xF4, 0x2C, 0x83, 0x81, 0x35, 0xC1, 0xA1, 0x7C, 0x23, 0x89, 0xA6, 0x90, 0xC3, 0xE5,
  0x63, 0xB7, 0xB2, 0x9D, 0xB4, 0x07, 0xF5, 0x23, 0x5B, 0x62, 0x17, 0x99, 0xA6, 0x09, 0x49, 0x2F, 0xEC, 0xE9, 0x86, 0x49,
  0x87, 0x4C, 0x8E, 0x0D, 0xFC, 0x19, 0xA4, 0x72, 0xEF, 0x40, 0x88, 0xE5, 0x8A, 0xEA, 0x0F, 0xCB, 0xFB, 0x91, 0x3F, 0x48,
  0x68, 0x60, 0xB6, 0x28, 0x8E, 0x75, 0xE9, 0x86, 0x04, 0xBA, 0xC6, 0x2E, 0x1D, 0x93, 0x43, 0x62, 0x39, 0x16, 0x80, 0xED,
  0x28, 0x08, 0xD3, 0xC6, 0x66, 0x72, 0x7A, 0x9E, 0x6A, 0x4C, 0x4A, 0xE0, 0x79, 0x2E, 0x82, 0xBF, 0xF9, 0x26, 0x1E, 0x90,
  0xFD, 0x48, 0xB8, 0xC3, 0xE7, 0xF0, 0x71, 0x34, 0x0E, 0xE3, 0xCD, 0x6A, 0xA1, 0xA0, 0xA4, 0xF3, 0x65, 0xCD, 0x4D, 0xFC,
  0xD8, 0xA3, 0xE6, 0xD4, 0x61, 0x12, 0x17, 0x18, 0xDE, 0xA0, 0x63, 0x06, 0x40, 0xB0, 0xFF, 0xF5, 0x29, 0xB4, 0xAA, 0x29,
  0xEA, 0x43, 0x4D, 0x23, 0xDF, 0xAA, 0x95, 0x9B, 0x4D, 0x54, 0xD8, 0x79, 0x47, 0xB9, 0x54, 0x47, 0xCB, 0x42, 0x32, 0x53,
  0x71, 0x6D, 0xE6, 0x38, 0x57, 0x67, 0x8F, 0x86, 0xE1, 0x63, 0xF6, 0xE6, 0x3C, 0x42, 0x90, 0xE6, 0x8C, 0x49, 0x72, 0xBE,
  0xFC, 0x4F, 0x7F, 0x10, 0x09, 0x27, 0x9C, 0x17, 0x00, 0xAC, 0xEA, 0xC3, 0x9D, 0x05, 0x00, 0x7A, 0xFA, 0x16, 0x08, 0xD2,
  0x20, 0xEC, 0x1A, 0x7D, 0x91, 0x8F, 0xD1, 0x1D, 0x3A, 0x31, 0xD5, 0xFB, 0x30, 0x39, 0xC8, 0xA9, 0x2F, 0x2F, 0xEF, 0xB4,
  0xF0, 0x6A, 0x73, 0x37, 0x87, 0xF8, 0x5A, 0xF2, 0x29, 0xFF, 0x72, 0x36, 0x3F, 0x4C, 0x3B, 0xAA, 0xD6, 0xC8, 0x29, 0x72,
  0x33, 0x6B, 0x75, 0xCF, 0x9B, 0xC7, 0x58, 0x77, 0x63, 0xBD, 0x4F, 0x17, 0xBE, 0x6F, 0x68, 0x68, 0xB4, 0x99, 0x73, 0x2D,
  0x6E, 0xE6, 0xEA, 0x38, 0x24, 0x1B, 0x33, 0xFD, 0x1D, 0x4C, 0xF9, 0xAA, 0x77, 0x60, 0x41, 0x32, 0xED, 0xC0, 0x90, 0xE4,
  0xA4, 0x7F, 0x3B, 0x59, 0x3C, 0x09, 0xD2, 0x55, 0x3A, 0x93, 0x4E, 0x63, 0x24, 0x96, 0x60, 0x5F, 0x99, 0xF4, 0x6A, 0x0B,
  0xE9, 0x9A, 0xC6, 0xA1, 0xA0, 0x6C, 0x07, 0x7F, 0xA5, 0xF8, 0x52, 0x54, 0x30, 0x0E, 0x2F, 0x80, 0xA2, 0xD9, 0x26, 0xD4,
  0x53, 0x53, 0xD2, 0x4F, 0x22, 0x24, 0xFF, 0x20, 0xF6, 0xA8, 0x9C, 0x18, 0xF2, 0x21, 0x8D, 0x2E, 0xEB, 0x03, 0x26, 0x00,
  0x25, 0x03, 0x46, 0xB2, 0x45, 0xE6, 0x56, 0xC1, 0xDD, 0xF9, 0x3D, 0x75, 0x9F, 0x26, 0xF9, 0x09, 0xB5, 0x04, 0xFE, 0x1D,
  0x68, 0xD4, 0x24, 0x08, 0x92, 0x1C, 0x58, 0x86, 0x5B, 0x9D, 0xD3, 0x67, 0x41, 0x05, 0xBD, 0x4D, 0x1C, 0x50, 0xE1, 0xE7,
  0xD8, 0xF8, 0xEB, 0x34, 0x9B, 0xCE, 0x27, 0x20, 0x48, 0x46, 0x63, 0xF3, 0xEC, 0x25, 0x20, 0x10, 0xFB, 0x2D, 0x01, 0x02,
  0x92, 0x7F, 0x10, 0x25, 0x30, 0x3E, 0x0F, 0xDA, 0xFC, 0x27, 0x7D, 0xE7, 0x31, 0x4A, 0x3B, 0x8B, 0x88, 0x9B, 0x4C, 0x77,
  0x33, 0xF7, 0x24, 0x28, 0xA4, 0x2B, 0xE6, 0x37, 0xA0, 0x4E, 0x96, 0xAC, 0xBB, 0x9B, 0x7F, 0x39, 0x58, 0xA8, 0x23, 0xFD,
  0x97, 0xC3, 0x06, 0xFB, 0xBD, 0x88, 0x3B, 0x37, 0xC5, 0x1E, 0xDB, 0x65, 0xAF, 0xCB, 0x83, 0xF4, 0xEF, 0x61, 0x96, 0x2E,
  0xB2, 0xB0, 0x5F, 0x85, 0xAE, 0xE1, 0x4D, 0xA9, 0x9A, 0x7A, 0xC3, 0xFD, 0x77, 0xE1, 0x1D, 0xE9, 0xA8, 0xF6, 0xDB, 0x6F,
  0x79, 0xC7, 0x11, 0xBC, 0xAB, 0xD6, 0xB6, 0xBB, 0x29, 0x6E, 0xAD, 0x99, 0xEE, 0x2D, 0xEC, 0x8F, 0xE4, 0x1B, 0x93, 0x5B,
  0xAB, 0x0A, 0x6A, 0xB6, 0x16, 0xBF, 0x4E, 0x5A, 0xA4, 0x16, 0xA2, 0x64, 0x7D, 0xC4, 0x77, 0x0D, 0xEA, 0xC6, 0x8C, 0xF9,
  0xEB, 0xAE, 0x44, 0x69, 0xE4, 0xA0, 0xA8, 0xEE, 0xA9, 0x37, 0x65, 0x7E, 0xDD, 0xAF, 0xB1, 0xDB, 0x84, 0x42, 0x12, 0x11,
  0xBF, 0x95, 0x9B, 0x8B, 0xA4, 0x03, 0xA8, 0x46, 0xC7, 0x38, 0x32, 0x15, 0x7E, 0xA1, 0xC8, 0x7C, 0xED, 0x19, 0x4F, 0x6B,
  0x0F, 0x0F, 0xC7, 0x03, 0xBD, 0xA4, 0x48, 0xF7, 0x9F, 0xD8, 0x01, 0xF6, 0xD8, 0x9B, 0x6F, 0xB2, 0x0B, 0xBE, 0x3E, 0x68,
  0x78, 0x3C, 0x1E, 0x14, 0xA0, 0xA2, 0xB0, 0x92, 0x0A, 0xF6, 0x05, 0xCD, 0xF0, 0xF4, 0x6A, 0x5D, 0x34, 0x74, 0xA1, 0x22,
  0x09, 0xFB, 0xFA, 0x1D, 0x11, 0xFB, 0x4D, 0x4E, 0x26, 0xE4, 0xAC, 0xC4, 0xF5, 0x33, 0x66, 0xE4, 0x13, 0xFA, 0x7C, 0x71,
  0x4F, 0x34, 0x2C, 0x27, 0x2D, 0x54, 0x45, 0x44, 0x12, 0x56, 0x91, 0x72, 0xC4, 0x5E, 0x56, 0x87, 0xFC, 0xB5, 0x9F, 0x7E,
  0x4D, 0x5E, 0xC6, 0xF2, 0xBD, 0x36, 0x05, 0x7E, 0x8C, 0xB7, 0xAC, 0x39, 0x47, 0x5F, 0x39, 0x5B, 0xAC, 0x4A, 0x1E, 0x4A,
  0xA8, 0x0F, 0x5E, 0xA2, 0x4B, 0xA9, 0x01, 0x7B, 0x51, 0x25, 0x40, 0xC9, 0x12, 0x5D, 0x26, 0x39, 0xCD, 0xB9, 0x81, 0x7F,
  0x7E, 0xC7, 0xBF, 0xDD, 0x16, 0x0F, 0x17, 0x1F, 0xF1, 0x22, 0x37, 0xC9, 0x6D, 0x84, 0xA9, 0x35, 0x77, 0x9E, 0xDC, 0x25,
  0x42, 0xDA, 0x08, 0x00, 0xC3, 0xF2, 0x51, 0x79, 0x14, 0xEE, 0xCF, 0xD9, 0x25, 0x56, 0xAD, 0xB0, 0x27, 0x19, 0xDE, 0xEA,
  0x02, 0x72, 0x6F, 0xAE, 0xC0, 0x36, 0x19, 0x7F, 0xD3, 0x4D, 0x2A, 0x4C, 0x26, 0xBC, 0x02, 0x97, 0xA9, 0xDD, 0x55, 0xF8,
  0x3B, 0xAD, 0x52, 0x4C, 0x37, 0x5F, 0xCC, 0xA1, 0x26, 0xF4, 0xB7, 0x89, 0x1A, 0x25, 0xFC, 0x9E, 0x4C, 0xB4, 0x12, 0x74,
  0x01, 0xD4, 0x73, 0xF1, 0x64, 0x8C, 0x38, 0x5A, 0xF6, 0x68, 0xA4, 0x92, 0x0D, 0x3E, 0x09, 0x6C, 0xD0, 0xB0, 0x36, 0xF4,
  0x47, 0xFC, 0xC2, 0x28, 0xC4, 0x66, 0x8A, 0x25, 0x58, 0xBC, 0xBB, 0xF8, 0xD5, 0xE2, 0xD7, 0x8B, 0xFF, 0xB1, 0xF8, 0x1D,
  0x88, 0xD8, 0xBF, 0x5D, 0xFC, 0x77, 0x61, 0x89, 0xD8, 0x90, 0x2D, 0x74, 0x96, 0xB7, 0x80, 0x51, 0xBE, 0xD0, 0xC4, 0x7F,
  0x73, 0x37, 0xD2, 0x35, 0xB3, 0x0A, 0xD0, 0xE2, 0x60, 0x54, 0x7E, 0xB2, 0x66, 0x5C, 0x3B, 0x2C, 0x0F, 0x88, 0x38, 0xEC,
  0x12, 0x79, 0x28, 0x24, 0x65, 0x9C, 0xDE, 0xD7, 0x0A, 0xD3, 0xC4, 0x01, 0xB0, 0x56, 0xBB, 0x5E, 0xD5, 0x2B, 0xAF, 0x72,
  0xB2, 0x5E, 0xD2, 0xD0, 0x4E, 0x2B, 0xD5, 0xD0, 0x0A, 0xDF, 0xEA, 0x25, 0x8D, 0x55, 0xF4, 0xB6, 0x3E, 0xA0, 0x2D, 0xF8,
  0x40, 0x58, 0x43, 0x8C, 0x5A, 0x86, 0xB1, 0x02, 0xD6, 0x51, 0xD2, 0x5F, 0xFE, 0x10, 0x90, 0x31, 0x8F, 0x2F, 0x82, 0xDD,
  0x4A, 0x97, 0x05, 0x97, 0xB6, 0xE1, 0xD7, 0xE6, 0x66, 0xE1, 0x44, 0xEB, 0xEB, 0x1B, 0x2C, 0x5F, 0xBD, 0x74, 0x29, 0x28,
  0x14, 0xB0, 0x72, 0x79, 0xB6, 0x1F, 0x8D, 0xF2, 0x7C, 0x2B, 0xBC, 0x1E, 0x80, 0xFE, 0x2C, 0x25, 0x12, 0xA6, 0x06, 0x83,
  0xA5, 0xF0, 0xD2, 0xE4, 0x7C, 0xAE, 0xC8, 0x94, 0x52, 0x21, 0x4A, 0x69, 0x0B, 0x16, 0xC6, 0x91, 0xC0, 0x2E, 0xB5, 0x66,
  0x19, 0x63, 0xD1, 0xC7, 0x4F, 0x8C, 0x20, 0x3D, 0x32, 0xC0, 0x77, 0xE5, 0x54, 0xDB, 0x49, 0x1A, 0x64, 0x49, 0x37, 0x9B,
  0xBB, 0x16, 0xC6, 0xA1, 0x2F, 0x2E, 0xBC, 0xDD, 0x00, 0xBC, 0x87, 0x46, 0x37, 0x19, 0xA8, 0x20, 0xF8, 0x59, 0x4D, 0x0D,
  0x1F, 0x59, 0x08, 0x97, 0x9A, 0x04, 0xDD, 0x20, 0xBB, 0xCB, 0xD6, 0xD1, 0xAA, 0xB0, 0x68, 0x22, 0x00, 0xE3, 0xAC, 0xA9,
  0x32, 0x62, 0x3B, 0x0F, 0x61, 0xDC, 0xC4, 0x69, 0xF9, 0x53, 0xAF, 0x37, 0xF6, 0x07, 0x38, 0x1F, 0x9A, 0x08, 0xBD, 0x07,
  0x32, 0x45, 0x4F, 0xCD, 0xB6, 0x34, 0x4A, 0x25, 0x27, 0xBB, 0xF1, 0x18, 0x02, 0x1D, 0xE9, 0x52, 0x36, 0x7E, 0xC4, 0x80,
  0xF0, 0xC8, 0x10, 0xB0, 0xAD, 0xA4, 0x2F, 0x29, 0x5F, 0x5D, 0xEB, 0xF2, 0x8C, 0x0D, 0x22, 0x42, 0x28, 0x5D, 0x20, 0x54,
  0x0B, 0x56, 0xCB, 0xCB, 0x06, 0x9E, 0x71, 0xA1, 0x34, 0x69, 0x01, 0x56, 0x23, 0x4C, 0x2E, 0x70, 0x5A, 0x69, 0x68, 0xC9,
  0x98, 0x5B, 0x11, 0x53, 0xD2, 0x4E, 0x92, 0x55, 0x61, 0x04, 0xA6, 0x15, 0x5E, 0x52, 0xC2, 0xF8, 0x12, 0x8E, 0x0D, 0x92,
  0x4C, 0x6A, 0xB8, 0x60, 0x77, 0x9A, 0xD0, 0x49, 0x6B, 0x4A, 0x5C, 0x45, 0x59, 0x32, 0xD1, 0x73, 0x5D, 0x5B, 0xD4, 0x90,
  0x43, 0xE2, 0xDB, 0x6C, 0xD3, 0xD9, 0x81, 0xFB, 0xD9, 0x39, 0x61, 0xDB, 0x72, 0xC0, 0xD6, 0xD6, 0x7A, 0x02, 0x40, 0x24,
  0xEB, 0xD6, 0x6E, 0x2E, 0x50, 0xD2, 0xA2, 0xA7, 0xD6, 0x5B, 0x5D, 0x32, 0x6D, 0xC8, 0xAE, 0xEE, 0x15, 0x3C, 0xD8, 0x53,
  0x17, 0xBC, 0xB7, 0xB5, 0x0B, 0xDE, 0xE1, 0xF3, 0x63, 0x4B, 0x1B, 0x6C, 0x27, 0xB8, 0xAD, 0xB3, 0x16, 0x6B, 0xC2, 0x4F,
  0xAD, 0xCA, 0x5A, 0x76, 0xEE, 0xD7, 0xD6, 0x41, 0xD5, 0xBE, 0xE4, 0x7D, 0xDB, 0xBC, 0xE4, 0xFD, 0xB5, 0xD6, 0xA4, 0xCE,
  0x2A, 0xAF, 0x69, 0xA5, 0xF0, 0xA6, 0xEF, 0x91, 0xF1, 0x9D, 0xD5, 0x0E, 0x6A, 0x2A, 0xA1, 0x6A, 0x0A, 0xB6, 0x4A, 0xC9,
  0xB3, 0x5F, 0x18, 0x99, 0x98, 0xA2, 0xC3, 0x20, 0xC6, 0x7B, 0xBE, 0x1C, 0x40, 0x33, 0xEE, 0xD8, 0xC4, 0xB4, 0x7D, 0xBD,
  0xF0, 0x28, 0xB7, 0x61, 0x93, 0x94, 0x0D, 0x46, 0xEF, 0xFC, 0xC1, 0x06, 0xB2, 0xDF, 0x0D, 0x94, 0x0C, 0x36, 0xB4, 0xB8,
  0x27, 0x12, 0x12, 0xAF, 0xF1, 0x63, 0x2F, 0x73, 0x01, 0x8B, 0x14, 0x01, 0x25, 0x2A, 0x17, 0x45, 0x06, 0xA5, 0xAC, 0xDD,
  0x67, 0x5C, 0x74, 0xA7, 0x8E, 0x20, 0xD2, 0x73, 0xE6, 0x51, 0x59, 0x2B, 0xD0, 0xD7, 0xF5, 0xC4, 0x8E, 0xA9, 0x00, 0x0A,
  0x2F, 0x76, 0x86, 0xA2, 0xF5, 0xCC, 0x3A, 0x9C, 0x35, 0xD5, 0x65, 0x24, 0x9F, 0xB6, 0xD9, 0x53, 0x3B, 0x9F, 0x49, 0xA0,
  0x40, 0x0A, 0x1F, 0x13, 0x00, 0x84, 0x0F, 0x63, 0x25, 0xEE, 0xCB, 0x8F, 0x82, 0x0D, 0x00, 0x39, 0xF7, 0xC7, 0xDC, 0x4F,
  0x0C, 0xD5, 0xBE, 0xB2, 0xA2, 0xEA, 0x85, 0x44, 0x1A, 0xE9, 0x17, 0xDC, 0xE7, 0x8B, 0x3A, 0x81, 0x2F, 0x82, 0x34, 0xCE,
  0x7B, 0x2B, 0x24, 0xA2, 0x2C, 0x9E, 0x2C, 0x6B, 0x79, 0x28, 0x40, 0xE4, 0xB8, 0x8B, 0x67, 0xC9, 0xF7, 0xF9, 0x9D, 0x4E,
  0x32, 0x62, 0xBF, 0xC8, 0xCE, 0x7E, 0x4C, 0x71, 0x06, 0x1F, 0x61, 0x98, 0xDF, 0x0D, 0x0A, 0x69, 0x12, 0xF1, 0x4F, 0xF2,
  0xEE, 0x9A, 0x44, 0x61, 0xE6, 0xC9, 0xEC, 0xDF, 0xD6, 0xEE, 0x2D, 0x11, 0xAE, 0x47, 0xE2, 0xF0, 0x85, 0x5B, 0x44, 0xEF,
  0x8B, 0x4C, 0x25, 0x14, 0x8E, 0xC0, 0x4F, 0xB6, 0xFF, 0x86, 0x9B, 0xBE, 0x3F, 0x49, 0x8C, 0xD1, 0xEA, 0x10, 0x2B, 0x44,
  0x28, 0x24, 0x3A, 0x0F, 0x28, 0x34, 0x68, 0x31, 0x93, 0x22, 0xEE, 0x91, 0x52, 0x67, 0x8E, 0x08, 0xAD, 0xF0, 0xB8, 0x14,
  0xFE, 0x48, 0xAD, 0x06, 0xD5, 0x8E, 0x10, 0x20, 0x04, 0xBF, 0x14, 0xC2, 0xEE, 0x4A, 0xC8, 0x77, 0xB3, 0x74, 0x37, 0x90,
  0x2F, 0xB8, 0xF6, 0xCA, 0xB8, 0xFA, 0xCA, 0x8C, 0x05, 0xEB, 0xC8, 0x0F, 0xA7, 0xEB, 0xEA, 0x78, 0x3A, 0x09, 0x5B, 0x53,
  0xFB, 0xFE, 0x5B, 0x84, 0xB9, 0x33, 0x52, 0x1F, 0x75, 0x70, 0xE6, 0x54, 0xC2, 0xD5, 0x04, 0x94, 0x12, 0xEE, 0x9A, 0x47,
  0x96, 0x1F, 0x30, 0x0C, 0xFC, 0x24, 0xA5, 0x8D, 0xE2, 0xD3, 0xAE, 0xB2, 0x3A, 0xB8, 0x34, 0x72, 0x65, 0xB0, 0x13, 0x4E,
  0xE9, 0x8C, 0x1B, 0x1F, 0x58, 0x96, 0x13, 0x31, 0x74, 0xE2, 0xF2, 0x1C, 0x16, 0x6E, 0x0D, 0x46, 0x6B, 0xF7, 0xD0, 0x8D,
  0x98, 0x89, 0xD3, 0x04, 0xD7, 0x9E, 0xB2, 0xA4, 0x81, 0x04, 0xB4, 0x29, 0xF5, 0x9F, 0x70, 0x42, 0x1E, 0xEE, 0xE0, 0xA3,
  0xCB, 0x20, 0xE7, 0xB2, 0x6F, 0x7C, 0x43, 0x47, 0x2C, 0xA1, 0x3D, 0x5E, 0x4E, 0x74, 0x47, 0x3A, 0x2D, 0x3E, 0x0F, 0xF6,
  0x91, 0xFC, 0xAC, 0xE3, 0x1F, 0xEF, 0x30, 0x11, 0x35, 0xB9, 0xCE, 0xAC, 0xA5, 0x71, 0x30, 0x5C, 0x82, 0x50, 0x7A, 0xA3,
  0x5C, 0x0D, 0x78, 0x7A, 0x60, 0x5C, 0x1D, 0xE5, 0xC0, 0x83, 0x44, 0x16, 0x3D, 0xB7, 0x76, 0xF7, 0x88, 0xFA, 0x9D, 0x1C,
  0x7E, 0x92, 0x14, 0x40, 0x38, 0x1B, 0x65, 0x68, 0x7B, 0xCC, 0x65, 0x6C, 0x91, 0x2A, 0x9F, 0xA3, 0x8C, 0x30, 0xB9, 0x70,
  0x21, 0x5C, 0x17, 0x8D, 0x4F, 0x0D, 0x85, 0x03, 0xE9, 0xD6, 0xF2, 0x64, 0x16, 0xA0, 0xE6, 0xBC, 0xC7, 0xE0, 0xC1, 0x4F,
  0x88, 0xA2, 0xA1, 0x53, 0x7A, 0x72, 0x15, 0x0B, 0xE9, 0x66, 0xD2, 0xB8, 0xA5, 0x96, 0x28, 0x8D, 0x06, 0x86, 0x11, 0x81,
  0x77, 0xAA, 0x1F, 0x95, 0x89, 0x43, 0x62, 0x4E, 0xD6, 0x3E, 0x35, 0x0D, 0x92, 0x40, 0x28, 0x69, 0x00, 0x2A, 0x97, 0x9D,
  0xBA, 0x57, 0x4E, 0xAA, 0x64, 0xF0, 0x44, 0x1D, 0x66, 0x3A, 0x5C, 0x41, 0x93, 0x43, 0x3A, 0xD3, 0xD8, 0x79, 0x87, 0xCF,
  0xC7, 0x91, 0x37, 0x85, 0x02, 0x3D, 0x70, 0xD5, 0x54, 0x7D, 0xC3, 0xDB, 0xFC, 0x34, 0xC1, 0xE7, 0xE1, 0xDC, 0xF7, 0x75,
  0x9B, 0x98, 0x43, 0x3F, 0x4A, 0x01, 0xC3, 0xD2, 0x97, 0x90, 0x70, 0x25, 0x65, 0x40, 0xA5, 0x11, 0x07, 0x37, 0x7A, 0xDB,
  0xE6, 0x7B, 0xDA, 0x12, 0x0C, 0x23, 0xC7, 0xAE, 0x2B, 0xC5, 0xEE, 0x34, 0x39, 0xF8, 0x51, 0xD5, 0xF0, 0x02, 0xBA, 0x6A,
  0xD2, 0x91, 0x84, 0xC1, 0x7B, 0x32, 0x3F, 0x35, 0xE5, 0x9D, 0x7E, 0x1B, 0x53, 0x88, 0xDE, 0xA7, 0xC3, 0x08, 0x4C, 0x6E,
  0xED, 0xBA, 0xEC, 0x91, 0xE5, 0xDB, 0x85, 0x84, 0x74, 0x64, 0x81, 0x9A, 0x16, 0xF5, 0x61, 0x9A, 0x03, 0x0A, 0xB3, 0xEA,
  0x7D, 0x0A, 0x1A, 0xBE, 0x83, 0xE8, 0x92, 0x62, 0x56, 0x67, 0x3F, 0xD4, 0x98, 0xD5, 0xD9, 0x0F, 0x97, 0x01, 0x3D, 0x45,
  0x8B, 0xE4, 0x74, 0x45, 0xB1, 0x35, 0x49, 0xC2, 0x72, 0x8C, 0xCF, 0x19, 0x8D, 0xB9, 0x36, 0xA8, 0x48, 0xDC, 0xD1, 0xB5,
  0x07, 0x65, 0x5B, 0x41, 0x9D, 0x5B, 0x92, 0x5B, 0x41, 0xC5, 0x94, 0xAC, 0xFC, 0x07, 0x76, 0x53, 0xBA, 0x83, 0x95, 0x8C,
  0x4D, 0x7E, 0xF5, 0xF9, 0xBC, 0xFE, 0xF8, 0x15, 0x71, 0x45, 0x0D, 0xFA, 0x51, 0xE5, 0x35, 0xEF, 0x71, 0x95, 0xDB, 0xA7,
  0x90, 0x36, 0xA4, 0xA1, 0x66, 0x91, 0x4B, 0x71, 0x80, 0x54, 0x5C, 0xE8, 0xC9, 0x5A, 0x8D, 0x49, 0x93, 0x9D, 0x25, 0xA2,
  0x99, 0x13, 0x0B, 0xA2, 0x6B, 0xB0, 0x98, 0x2F, 0x4F, 0x6D, 0x96, 0xA2, 0x20, 0x26, 0x0B, 0x68, 0x13, 0xE0, 0xE9, 0x32,
  0x0A, 0xA6, 0x42, 0xAE, 0xA7, 0x84, 0x40, 0xD9, 0x59, 0xD6, 0xD3, 0xAC, 0x0B, 0x68, 0xDB, 0xE2, 0x64, 0xD7, 0x6A, 0x6C,
  0x38, 0x5C, 0xD5, 0xDA, 0x05, 0x67, 0x73, 0x98, 0xB1, 0x42, 0xB6, 0x67, 0x87, 0x2A, 0x59, 0x69, 0x08, 0x00, 0x43, 0x94,
  0x40, 0x02, 0x9F, 0x69, 0x17, 0x26, 0x09, 0x06, 0x0A, 0xD9, 0xD8, 0x20, 0x6D, 0x47, 0xAA, 0x92, 0x4A, 0x1B, 0xE0, 0xA8,
  0x54, 0xAF, 0x66, 0xD4, 0x91, 0x89, 0x01, 0x1C, 0x75, 0x76, 0x5A, 0xD9, 0xB8, 0x64, 0x4E, 0xCA, 0x8A, 0x73, 0x0E, 0x06,
  0x47, 0xF6, 0xAA, 0x51, 0x93, 0xFF, 0x1E, 0x18, 0x5E, 0x95, 0x5D, 0xBA, 0xC4, 0xB0, 0xC0, 0x23, 0xE0, 0xA9, 0xD9, 0x69,
  0xBA, 0x6E, 0xE2, 0x4F, 0xA2, 0xEC, 0xE3, 0x2A, 0x3C, 0x3F, 0x31, 0x8F, 0xCF, 0x0C, 0xF9, 0x8D, 0x8A, 0x63, 0x09, 0xA8,
  0x32, 0xE3, 0xFE, 0xB3, 0x20, 0x85, 0xF1, 0xA3, 0xF7, 0x65, 0x76, 0x2B, 0x65, 0xB5, 0xBA, 0x70, 0x21, 0x6F, 0x4D, 0xF3,
  0x1B, 0x72, 0x96, 0x05, 0x49, 0xFC, 0xA8, 0x03, 0xA4, 0xC4, 0xD9, 0xFE, 0xF5, 0x4C, 0x6E, 0xDD, 0x53, 0xF7, 0x3C, 0x4D,
  0x60, 0xA8, 0x99, 0x46, 0xFE, 0x58, 0xCD, 0x55, 0xE4, 0xBC, 0xD0, 0x1C, 0x02, 0x41, 0x9F, 0x61, 0xE6, 0x29, 0x80, 0xBD,
  0xC8, 0xD2, 0x88, 0x0A, 0x45, 0x13, 0x5A, 0xA5, 0xB0, 0xCF, 0xC0, 0x19, 0x47, 0x55, 0xB4, 0xA0, 0x1A, 0x35, 0x15, 0x0A,
  0xAE, 0xAA, 0x89, 0x26, 0x53, 0xB3, 0xA6, 0x44, 0xC4, 0xA4, 0xA6, 0xF1, 0x5E, 0xE4, 0x9A, 0x48, 0x53, 0x0D, 0x47, 0xF8,
  0xB8, 0x82, 0x0E, 0xA1, 0x79, 0x26, 0x55, 0x7E, 0xF3, 0x4D, 0x83, 0x2C, 0x73, 0x47, 0xA4, 0x79, 0x8C, 0x98, 0x00, 0x05,
  0xCA, 0x40, 0xAE, 0x02, 0x60, 0x7F, 0x9D, 0x5C, 0x72, 0x42, 0x83, 0x52, 0x9E, 0x72, 0x1A, 0xA4, 0xB2, 0xAF, 0x57, 0xDE,
  0x28, 0x60, 0x43, 0x15, 0x55, 0x66, 0x92, 0x2E, 0x53, 0xD5, 0xCB, 0x00, 0x3C, 0x46, 0x20, 0xED, 0x55, 0x0A, 0xD4, 0x1A,
  0x62, 0x16, 0x3E, 0xB8, 0xCC, 0x6A, 0x75, 0xFE, 0xA4, 0x56, 0x97, 0xC5, 0x26, 0xBC, 0xD8, 0x44, 0x15, 0x9B, 0x40, 0xB1,
  0xE6, 0x0E, 0x7F, 0xD2, 0xDC, 0x59, 0xB2, 0xA4, 0x15, 0xD3, 0xD7, 0x88, 0x47, 0x5D, 0x7C, 0x24, 0xF3, 0xFB, 0x23, 0x13,
  0xFB, 0x21, 0xDD, 0x76, 0x76, 0x8B, 0x91, 0x5E, 0x29, 0x84, 0xA2, 0x07, 0x89, 0xD1, 0xDC, 0x62, 0xDE, 0xF6, 0x31, 0xCC,
  0x0A, 0xAD, 0x8D, 0x57, 0xE2, 0x3A, 0x8F, 0xC9, 0x7F, 0x45, 0xD0, 0x24, 0x0A, 0x2C, 0x1D, 0x62, 0x79, 0xE2, 0x81, 0xD2,
  0xED, 0xB4, 0x67, 0x28, 0x31, 0x77, 0xD8, 0x48, 0x7C, 0xE3, 0xA2, 0x70, 0x87, 0x4D, 0xC4, 0x77, 0x2E, 0xC6, 0x76, 0x52,
  0x8C, 0x41, 0xBC, 0x46, 0x24, 0xEC, 0x58, 0xF4, 0x87, 0x9B, 0x06, 0x5C, 0x8A, 0x97, 0xB0, 0xBF, 0xDA, 0xDC, 0x4C, 0xCD,
  0xDE, 0xA1, 0x95, 0x99, 0xF0, 0x75, 0xAA, 0x66, 0xF6, 0xD1, 0x70, 0xA2, 0x9E, 0x89, 0x91, 0xA4, 0x75, 0xB3, 0xAD, 0x6F,
  0x12, 0x6C, 0x0B, 0x8C, 0x0B, 0xB3, 0xEA, 0x8A, 0x67, 0x92, 0x71, 0xEF, 0x33, 0x3A, 0x88, 0xBB, 0x49, 0x39, 0xDC, 0x95,
  0xF2, 0x76, 0xAF, 0x88, 0x1E, 0x53, 0x22, 0xCD, 0x1F, 0x13, 0xA2, 0xDA, 0x1D, 0xBC, 0x1E, 0x04, 0xFD, 0xC4, 0xB8, 0xDF,
  0x94, 0x3C, 0xD6, 0xC3, 0x93, 0x88, 0x6F, 0x6E, 0x2D, 0x73, 0x0B, 0x4B, 0x5D, 0x07, 0x94, 0xE5, 0x15, 0xD6, 0xDB, 0x07,
  0x4A, 0x79, 0xED, 0x07, 0x3A, 0x29, 0x42, 0xE7, 0x26, 0x7E, 0xD1, 0x2B, 0xA6, 0xFA, 0x91, 0xB4, 0xB3, 0x54, 0xAD, 0x75,
  0x83, 0x4B, 0xBB, 0xD5, 0x46, 0x97, 0xA8, 0x27, 0xD1, 0xCD, 0x4C, 0x87, 0x25, 0x9E, 0x19, 0x06, 0xEA, 0x87, 0x22, 0x8E,
  0x22, 0x80, 0x4F, 0x7A, 0xD4, 0x46, 0xEE, 0xD5, 0x6B, 0xCF, 0xE4, 0x36, 0xF3, 0xC1, 0xE5, 0xDD, 0xCA, 0x93, 0xB9, 0x4D,
  0xEE, 0x31, 0x19, 0x74, 0x23, 0xC3, 0x10, 0x14, 0xCA, 0xF8, 0x44, 0x93, 0x48, 0xA8, 0x60, 0xAE, 0x24, 0x06, 0x2A, 0x1C,
  0x1C, 0xEF, 0x9E, 0x0C, 0xFC, 0x83, 0xA0, 0x4F, 0xC9, 0xC0, 0x3B, 0x7C, 0x02, 0x94, 0x17, 0x5C, 0x10, 0x89, 0x22, 0x9A,
  0x8A, 0x7F, 0x00, 0xF2, 0x4A, 0xE2, 0x68, 0x9C, 0xCC, 0x52, 0x64, 0x0F, 0x2A, 0x52, 0x28, 0xD4, 0xCB, 0xD3, 0x17, 0x31,
  0xCC, 0xDB, 0x2A, 0x86, 0xD7, 0xCF, 0xCA, 0x72, 0xA7, 0xB6, 0xC1, 0x40, 0x8C, 0x48, 0x9D, 0xD6, 0x53, 0xC8, 0xB0, 0x85,
  0x9F, 0x85, 0x13, 0x89, 0x63, 0xEF, 0xAF, 0x91, 0x32, 0x53, 0x3A, 0x1F, 0x58, 0xD1, 0x6B, 0xA7, 0x69, 0x37, 0x35, 0xE3,
  0x92, 0x42, 0x87, 0x41, 0x24, 0x75, 0x69, 0xE1, 0xC7, 0x94, 0xE0, 0xD3, 0x91, 0xB8, 0x73, 0xF1, 0x39, 0x57, 0xC1, 0x50,
  0x3C, 0xFE, 0x84, 0xD2, 0x19, 0x80, 0x6E, 0x90, 0xE9, 0xAA, 0x20, 0x27, 0xBD, 0xC5, 0x99, 0x95, 0x98, 0x7A, 0xF6, 0xAC,
  0xE5, 0x38, 0xFE, 0x46, 0x6E, 0x21, 0x3E, 0x41, 0x2D, 0x2E, 0x02, 0xE7, 0xFA, 0xD4, 0x78, 0x5C, 0xAC, 0xF2, 0xC0, 0x70,
  0x7B, 0xAA, 0x26, 0x28, 0x4E, 0x32, 0x96, 0xC0, 0xE1, 0x15, 0x93, 0x88, 0xF4, 0x26, 0x4A, 0xEC, 0x82, 0x86, 0xAC, 0x50,
  0x06, 0x7D, 0xCA, 0xBA, 0x7A, 0xC9, 0x04, 0x2F, 0xA0, 0x9C, 0x44, 0x1E, 0xA3, 0x84, 0x86, 0x12, 0x50, 0x44, 0xC3, 0x9D,
  0x55, 0x2E, 0x9B, 0xBA, 0x0F, 0x58, 0x72, 0x6F, 0x03, 0xCF, 0x2A, 0x42, 0x79, 0x65, 0x33, 0x5D, 0x38, 0x4D, 0x07, 0x9F,
  0xC4, 0xB9, 0xC1, 0x72, 0x11, 0x88, 0xCA, 0xC0, 0xF8, 0x23, 0x54, 0x22, 0x34, 0x21, 0x07, 0xE3, 0x1B, 0x5E, 0xF3, 0xE7,
  0xBB, 0x46, 0xAC, 0xE6, 0x5E, 0x12, 0xAB, 0x79, 0x14, 0x7C, 0x0F, 0x6A, 0xE9, 0x26, 0x51, 0x51, 0xE3, 0x1B, 0xDF, 0x10,
  0x1F, 0x2E, 0xEC, 0xEE, 0xA6, 0x5A, 0xCE, 0x8E, 0xFD, 0x14, 0xED, 0x15, 0x93, 0x2A, 0x4A, 0x83, 0x14, 0xF7, 0x8C, 0x1A,
  0xC9, 0x51, 0x1D, 0xC5, 0x04, 0xEA, 0xF0, 0x4C, 0x57, 0xE7, 0x4E, 0xBD, 0x7B, 0x90, 0xDB, 0x54, 0x6D, 0x6E, 0xE6, 0x2E,
  0x24, 0xEE, 0x3C, 0xCA, 0xF5, 0x8D, 0x4B, 0x91, 0x7C, 0x6E, 0x5F, 0x61, 0x3E, 0xA7, 0x89, 0x4A, 0x27, 0xC3, 0x35, 0x30,
  0x76, 0xBB, 0x9B, 0x0A, 0x12, 0x8C, 0xB4, 0x2F, 0x5D, 0x23, 0x14, 0x24, 0x12, 0x1F, 0xBA, 0x7A, 0x54, 0x43, 0xC4, 0xFF,
  0x76, 0x79, 0xDE, 0x03, 0x3B, 0xA8, 0x54, 0xC5, 0x2E, 0x6A, 0x38, 0xA8, 0x35, 0xBF, 0x5E, 0x68, 0x63, 0x64, 0x78, 0x4C,
  0xDA, 0x51, 0x8E, 0x88, 0xE6, 0x38, 0x02, 0xAD, 0x87, 0x64, 0x44, 0x84, 0x66, 0x74, 0x26, 0xA6, 0x45, 0xCE, 0x65, 0x04,
  0xF0, 0x89, 0x82, 0x4B, 0x82, 0xF8, 0x44, 0x09, 0x2B, 0x90, 0xCF, 0x19, 0x91, 0x27, 0x1B, 0x53, 0xC6, 0x77, 0xCA, 0xCB,
  0xC9, 0xAD, 0x0A, 0xC0, 0x27, 0xD1, 0x64, 0x54, 0xE7, 0x14, 0xF5, 0x26, 0xB1, 0xD9, 0x5B, 0xDC, 0xB4, 0xD3, 0x51, 0x77,
  0xC4, 0xC2, 0x93, 0x3F, 0xF0, 0x2B, 0x54, 0x88, 0xB1, 0x6E, 0x11, 0xD5, 0x5B, 0xFE, 0x18, 0xD0, 0x4A, 0x49, 0x96, 0xB4,
  0x5C, 0x3D, 0x0F, 0x8F, 0x24, 0x8F, 0xDF, 0x7C, 0xB3, 0xA2, 0x16, 0x03, 0x9E, 0xE0, 0xCD, 0x01, 0xE6, 0xBC, 0xA0, 0xB4,
  0x5E, 0xE0, 0x0A, 0xE8, 0x0F, 0x0A, 0x40, 0xFC, 0xC8, 0x0B, 0x4A, 0xE8, 0x00, 0xC7, 0x52, 0xAF, 0x85, 0x63, 0xBB, 0x1D,
  0xDC, 0x1E, 0xF0, 0x14, 0x50, 0x12, 0xBA, 0x84, 0x57, 0xE1, 0x95, 0xE0, 0xC8, 0x1F, 0xE4, 0x6B, 0x89, 0x48, 0x8B, 0x15,
  0xF1, 0xA6, 0x86, 0x24, 0x1C, 0x18, 0x1E, 0x24, 0x3A, 0x84, 0x7C, 0x2D, 0xF1, 0x5C, 0x7E, 0x77, 0x44, 0xA4, 0xE3, 0xAB,
  0x52, 0x7F, 0x44, 0x67, 0x9B, 0x7B, 0xB0, 0x6D, 0xE8, 0xFB, 0x70, 0x1F, 0x47, 0xAE, 0x3B, 0x6F, 0x50, 0x09, 0xDD, 0xD1,
  0xD8, 0xD1, 0x24, 0xC5, 0xAC, 0xA7, 0xEB, 0xAB, 0x99, 0x3E, 0x33, 0xDA, 0xB3, 0x26, 0x9A, 0xFB, 0xF2, 0x37, 0xBF, 0x90,
  0x84, 0xF8, 0x54, 0x73, 0xAB, 0x90, 0xE3, 0x59, 0xB3, 0x3B, 0x35, 0xFC, 0xB5, 0xBA, 0xFC, 0xD5, 0x87, 0x56, 0x97, 0x27,
  0xAB, 0x2B, 0xE5, 0x52, 0xBB, 0x9F, 0xCC, 0x82, 0xB0, 0xC0, 0x3C, 0x60, 0x16, 0xD6, 0xF5, 0x72, 0x13, 0x64, 0x1B, 0x99,
  0x9B, 0xA6, 0x93, 0xC7, 0x27, 0x35, 0x7C, 0x32, 0x6C, 0xEE, 0xF8, 0x95, 0x1E, 0xC8, 0x3C, 0x32, 0x19, 0x65, 0x41, 0xDB,
  0x51, 0x62, 0xE0, 0x6F, 0xBE, 0x99, 0x40, 0x58, 0x6B, 0x55, 0x55, 0xB6, 0x6A, 0xF8, 0x03, 0xB4, 0xC2, 0x63, 0x0F, 0xBB,
  0x3B, 0x6D, 0xB3, 0x82, 0xE8, 0x3F, 0x13, 0x0D, 0xB5, 0x7D, 0xAA, 0xAA, 0x75, 0x79, 0xE6, 0x32, 0xD8, 0x5D, 0x87, 0x41,
  0x69, 0x18, 0x74, 0x98, 0x91, 0x3C, 0x6B, 0xE2, 0x81, 0x7A, 0x3D, 0xF5, 0x4B, 0x20, 0xF2, 0x0D, 0x50, 0xDC, 0xE7, 0xD7,
  0xDC, 0x7D, 0x72, 0xF6, 0x8E, 0x84, 0xC2, 0x21, 0x85, 0x93, 0xEF, 0x6A, 0x69, 0x78, 0x5E, 0x8F, 0xCA, 0x18, 0x71, 0xC1,
  0x59, 0xD7, 0x1B, 0x38, 0xB9, 0xE4, 0x2B, 0xB0, 0x5E, 0xD8, 0xB4, 0x6A, 0x80, 0xC0, 0x93, 0x05, 0x97, 0x36, 0x09, 0x44,
  0xC2, 0xAB, 0x91, 0x2E, 0x00, 0x0D, 0xBE, 0x76, 0x64, 0xEF, 0x92, 0x9C, 0x4E, 0xF3, 0x65, 0x7B, 0xD8, 0x51, 0xBA, 0x28,
  0x1F, 0x62, 0x32, 0x4F, 0x2D, 0x3B, 0xDB, 0x1D, 0x77, 0xB2, 0xFF, 0xC5, 0xC7, 0x74, 0x2D, 0x20, 0x15, 0xB9, 0xCB, 0xF2,
  0x89, 0x44, 0x2F, 0x52, 0x02, 0x4B, 0xC2, 0xB1, 0xF8, 0xED, 0xE2, 0x83, 0xC5, 0xAF, 0x17, 0xFF, 0x1D, 0x5A, 0xFC, 0x80,
  0x51, 0x6E, 0x4F, 0x4C, 0x5C, 0x88, 0x1F, 0x32, 0x6E, 0x64, 0x5B, 0xDC, 0x2D, 0x48, 0xC0, 0x85, 0x14, 0xCD, 0x1F, 0xC6,
  0xDE, 0x73, 0x94, 0xBF, 0x26, 0x89, 0xE8, 0x87, 0x95, 0x0E, 0x7B, 0x5A, 0x68, 0x57, 0x54, 0x1E, 0x79, 0xD1, 0xAB, 0x64,
  0x50, 0x48, 0x76, 0x44, 0xD8, 0x33, 0x4D, 0x74, 0x78, 0xAF, 0x39, 0xE5, 0x7E, 0x97, 0x46, 0x3F, 0x65, 0x77, 0x8E, 0xCA,
  0x63, 0xA8, 0x19, 0xC5, 0xAF, 0x09, 0x4E, 0xC6, 0x3B, 0x7D, 0x1A, 0x5D, 0x25, 0x9C, 0x20, 0x35, 0x4A, 0x3B, 0xBD, 0xC7,
  0xD3, 0x7D, 0xEB, 0xEE, 0x81, 0x72, 0x93, 0x28, 0x5F, 0xBD, 0x90, 0x52, 0x0C, 0xE1, 0xD2, 0x7C, 0x2B, 0x44, 0x2A, 0x05,
  0x0F, 0xF4, 0xB0, 0x06, 0x0C, 0x48, 0xD8, 0xCC, 0xA3, 0x36, 0x80, 0xF2, 0xD4, 0x93, 0x39, 0x10, 0x7C, 0x60, 0x03, 0xE9,
  0x48, 0x83, 0xF9, 0x1D, 0x54, 0xAA, 0xA5, 0xDC, 0x93, 0xE8, 0xE8, 0x40, 0x4A, 0x84, 0x62, 0x8E, 0xA0, 0x31, 0xF2, 0xE0,
  0x4B, 0x6B, 0x42, 0x22, 0x98, 0x20, 0xD2, 0x82, 0x09, 0x74, 0xEC, 0x83, 0x6A, 0x18, 0xE1, 0xE4, 0xC6, 0x16, 0xFE, 0xFE,
  0xF9, 0x59, 0x0A, 0x37, 0x83, 0x99, 0x62, 0x98, 0x7E, 0xEC, 0xA8, 0x9F, 0xCC, 0x44, 0xBF, 0xB3, 0xFC, 0x2D, 0x91, 0x47,
  0xEA, 0x9E, 0x9D, 0x47, 0x6A, 0xE9, 0x54, 0xB1, 0xB7, 0x65, 0xB9, 0xA5, 0x14, 0x04, 0x02, 0xBC, 0x5E, 0xC0, 0x1E, 0x87,
  0xDC, 0x1C, 0xF8, 0xDE, 0x3D, 0x11, 0x7C, 0xF3, 0xA2, 0xD7, 0x4F, 0xBD, 0x82, 0x5D, 0xAF, 0x5A, 0xFE, 0x0E, 0xC6, 0xAF,
  0xD9, 0x05, 0x30, 0x94, 0xED, 0x49, 0xFE, 0x67, 0x33, 0x87, 0x11, 0x6D, 0xB0, 0x20, 0x3A, 0x68, 0x03, 0x40, 0xEA, 0xD9,
  0x32, 0x59, 0x04, 0x2D, 0xFA, 0x58, 0x66, 0xAB, 0x5A, 0xA9, 0x35, 0x30, 0xC0, 0x03, 0xB6, 0xD0, 0xCF, 0x93, 0xEA, 0x2F,
  0xC5, 0xE9, 0xF1, 0x92, 0x03, 0xD0, 0xF1, 0xB4, 0xEF, 0x0F, 0x9E, 0x44, 0xCE, 0xC1, 0x30, 0xDD, 0x35, 0xE8, 0x4F, 0x3F,
  0x24, 0xB5, 0x06, 0xF7, 0xD6, 0xA7, 0xC6, 0xF9, 0x3A, 0x66, 0xAE, 0xF8, 0xF2, 0x37, 0xBF, 0x44, 0xF5, 0x18, 0x73, 0x2F,
  0x68, 0x79, 0x96, 0x14, 0x1F, 0x8D, 0x08, 0x33, 0x85, 0x9D, 0x89, 0x2F, 0x80, 0x46, 0x9F, 0x63, 0x63, 0x0F, 0x26, 0xBD,
  0x23, 0xF5, 0xE5, 0xDF, 0x93, 0xED, 0x08, 0x0C, 0x49, 0x8F, 0x97, 0xD0, 0x7D, 0x9F, 0xAC, 0xCB, 0x1E, 0xBE, 0xFC, 0xE5,
  0x2D, 0x15, 0x0A, 0xAA, 0xA7, 0x1D, 0xE7, 0x41, 0x71, 0x74, 0x99, 0xE4, 0xC6, 0x26, 0x6F, 0x1E, 0x23, 0x67, 0x7A, 0x19,
  0x11, 0x1C, 0x2B, 0x3B, 0xE4, 0xCE, 0x4B, 0x87, 0xDE, 0x7C, 0x5A, 0xC8, 0xEA, 0x94, 0x4E, 0xE2, 0xE8, 0xBE, 0x8A, 0x25,
  0x50, 0x64, 0xF9, 0x97, 0xAE, 0xBD, 0x52, 0xD8, 0x48, 0x71, 0xC0, 0x74, 0x38, 0x33, 0x7A, 0x23, 0xBF, 0x95, 0x8A, 0x50,
  0x93, 0xB0, 0x8E, 0x89, 0xDC, 0x51, 0xEC, 0x99, 0xA0, 0x3D, 0x09, 0x5B, 0xA3, 0xA7, 0x2F, 0xF8, 0x43, 0xE0, 0x68, 0xC6,
  0x41, 0xF2, 0x64, 0xC2, 0x91, 0x66, 0x38, 0x0E, 0xC3, 0xB9, 0x5E, 0x6E, 0xAB, 0x55, 0x29, 0x14, 0x49, 0xCA, 0x56, 0x8F,
  0x9E, 0x68, 0x55, 0xA4, 0x7D, 0xA7, 0x67, 0x66, 0x31, 0x9B, 0xA0, 0xC9, 0x01, 0x28, 0x4C, 0x74, 0xA9, 0x0A, 0x1C, 0xB9,
  0xC2, 0xED, 0x0F, 0x51, 0x94, 0x94, 0xB6, 0x88, 0x19, 0xC7, 0x0F, 0x1D, 0xDC, 0xF1, 0x12, 0x82, 0x97, 0x32, 0xFD, 0x0A,
  0xD5, 0x36, 0xAD, 0xB6, 0x0A, 0xFC, 0xCA, 0xCA, 0xFD, 0x92, 0x32, 0xCD, 0x5F, 0x89, 0x5C, 0x69, 0x97, 0x50, 0xB8, 0xE2,
  0x89, 0x87, 0x84, 0x01, 0x46, 0x07, 0x18, 0x30, 0x62, 0x55, 0x50, 0x7E, 0x10, 0xC5, 0x12, 0x71, 0xCE, 0x1F, 0x97, 0x31,
  0x15, 0x3D, 0x10, 0xF9, 0x2B, 0xAA, 0xAD, 0x82, 0xEB, 0x61, 0xDE, 0x9D, 0x9B, 0xC9, 0xF4, 0x82, 0x85, 0x8A, 0x87, 0x7E,
  0xEF, 0x7A, 0x10, 0x7F, 0xC7, 0xD5, 0x66, 0xC6, 0x2B, 0x81, 0x31, 0x3A, 0x8C, 0xF5, 0xC4, 0x60, 0xFE, 0x51, 0xA0, 0xB7,
  0x93, 0xF1, 0x7C, 0xAD, 0xE1, 0xA9, 0xBA, 0x7C, 0x24, 0xCF, 0x66, 0xB4, 0xEC, 0x7A, 0x9B, 0x37, 0x6D, 0xFB, 0x29, 0xD5,
  0x7E, 0xC5, 0x95, 0xDA, 0x19, 0x6A, 0xBD, 0xD0, 0x87, 0xAD, 0xB3, 0x37, 0x75, 0xC1, 0x76, 0xC1, 0xC6, 0xB4, 0x84, 0x9F,
  0x27, 0xA8, 0x04, 0xA5, 0x2D, 0x74, 0xE2, 0x3A, 0xE3, 0xB7, 0x47, 0xA8, 0x69, 0x3B, 0x13, 0x0A, 0x59, 0x17, 0x3E, 0xAF,
  0xEE, 0x57, 0x3B, 0xEF, 0xB3, 0xC7, 0x6E, 0xE8, 0xF2, 0x07, 0x52, 0x9F, 0xC6, 0x13, 0x2A, 0xF8, 0xCC, 0x1B, 0xD5, 0x2E,
  0xBD, 0x49, 0xCB, 0x18, 0x50, 0xAC, 0x9B, 0xF4, 0x6F, 0x5C, 0x9B, 0x94, 0x39, 0x7D, 0xD7, 0x5C, 0xCC, 0x0B, 0x57, 0x4E,
  0xD6, 0x6D, 0xD2, 0x35, 0x33, 0xFB, 0x82, 0x5D, 0x65, 0x6E, 0x0C, 0xA6, 0xC3, 0x50, 0xC8, 0x69, 0xE2, 0x2E, 0xE0, 0x42,
  0x91, 0x9B, 0xB1, 0xD5, 0x53, 0x71, 0xAF, 0xAF, 0xA0, 0x67, 0x50, 0x44, 0x0F, 0x08, 0x35, 0xEE, 0xE9, 0x75, 0xCB, 0x9B,
  0x3C, 0xEF, 0xF5, 0x9D, 0xE4, 0x2E, 0x4F, 0xB1, 0xDC, 0xD4, 0x6C, 0x9A, 0xCA, 0x9B, 0xA1, 0xE2, 0x7A, 0xFB, 0xFC, 0x30,
  0x3E, 0xB9, 0xFD, 0x6E, 0xC3, 0x81, 0x36, 0x34, 0xD1, 0x6C, 0x0B, 0x9E, 0x38, 0x05, 0x70, 0x26, 0x30, 0x91, 0xAC, 0xE7,
  0xDC, 0x78, 0x48, 0x8C, 0xA3, 0x58, 0x6B, 0xF2, 0x2C, 0x0F, 0x6E, 0x2B, 0xBA, 0x20, 0x02, 0x08, 0x3D, 0x03, 0x5D, 0x4C,
  0x8F, 0x27, 0x34, 0x59, 0x7E, 0x21, 0x4C, 0x9C, 0x77, 0xD0, 0x88, 0xC9, 0x61, 0x26, 0x45, 0x4F, 0x07, 0xC8, 0xBE, 0xCA,
  0x0D, 0xCB, 0x66, 0x9A, 0x03, 0x3D, 0x7C, 0xD3, 0x1D, 0xE3, 0x97, 0x9A, 0x7C, 0x3E, 0x7A, 0x24, 0x44, 0x2A, 0x2E, 0x53,
  0x0D, 0x1C, 0x06, 0xC0, 0x80, 0x6B, 0x07, 0x9A, 0xC6, 0x4C, 0x4E, 0xE3, 0x2F, 0x6B, 0xD7, 0x1C, 0x86, 0x63, 0x50, 0x0E,
  0xF6, 0x52, 0xBA, 0x40, 0xC6, 0x51, 0x91, 0x5B, 0xE9, 0x48, 0xA1, 0xB6, 0x71, 0x27, 0x36, 0xBF, 0x06, 0x9B, 0x24, 0x79,
  0xE1, 0xF4, 0x2B, 0x3A, 0x01, 0xA1, 0x1B, 0xEF, 0xB7, 0xDA, 0xC9, 0x51, 0x0C, 0x67, 0xEF, 0x32, 0x86, 0xF2, 0x4A, 0xF7,
  0x14, 0x92, 0x81, 0x1F, 0xE0, 0xE5, 0x08, 0x97, 0x7A, 0x42, 0x7C, 0xD9, 0x30, 0xE4, 0xA5, 0x8D, 0xCB, 0x69, 0x9D, 0x84,
  0x37, 0x93, 0x04, 0x82, 0x42, 0x8F, 0x5C, 0x18, 0x79, 0x29, 0x84, 0x52, 0x4F, 0xE6, 0x34, 0x27, 0xEB, 0x8D, 0xAC, 0x0B,
  0x0D, 0x92, 0xBB, 0x10, 0x4C, 0xBF, 0xEE, 0x8D, 0xCB, 0xD8, 0x9D, 0xD6, 0x9C, 0x8A, 0x3B, 0xED, 0x24, 0x9E, 0x42, 0x6B,
  0xA1, 0x99, 0x19, 0x88, 0xFA, 0x88, 0x57, 0x55, 0x19, 0x77, 0x7F, 0x92, 0xBC, 0x35, 0x0F, 0x27, 0x1C, 0x4B, 0xF3, 0x7F,
  0xB5, 0xB1, 0x91, 0x82, 0xCC, 0xC6, 0x5F, 0xA1, 0x47, 0xFF, 0x9F, 0x6E, 0xFF, 0xEA, 0x86, 0xEE, 0xA7, 0x7A, 0x4F, 0xA6,
  0xF6, 0x7F, 0xC8, 0x0E, 0x1C, 0x75, 0x52, 0x81, 0xAD, 0x42, 0x01, 0x5D, 0xA1, 0x62, 0x7E, 0x65, 0xD5, 0xF2, 0x34, 0x25,
  0x02, 0x2C, 0x45, 0x30, 0xC7, 0xA5, 0xEB, 0xEB, 0x60, 0x5B, 0x9E, 0xBB, 0xDE, 0x02, 0xA6, 0x49, 0x4E, 0x0D, 0x6D, 0x15,
  0xFE, 0x4C, 0x14, 0x23, 0x75, 0x27, 0x3B, 0xC9, 0xC0, 0x24, 0x4B, 0x67, 0x40, 0x39, 0x5C, 0x43, 0xB4, 0xA4, 0x28, 0x4B,
  0xBC, 0x12, 0x14, 0x76, 0x31, 0x65, 0x75, 0x90, 0xF9, 0x80, 0x93, 0xB3, 0xB2, 0x8C, 0xFD, 0xCE, 0x2F, 0xF2, 0x52, 0x26,
  0x6F, 0xB2, 0xD7, 0x08, 0xBB, 0x61, 0xFA, 0xA6, 0xF7, 0x42, 0xB1, 0xE7, 0xCD, 0x53, 0xAF, 0xF0, 0xFE, 0xD1, 0x42, 0x11,
  0x2D, 0xA1, 0xF6, 0x1B, 0xB2, 0x80, 0x16, 0xE3, 0xA3, 0xF4, 0x1B, 0xBA, 0x96, 0xB5, 0x50, 0x1C, 0x05, 0xD3, 0xF4, 0x3B,
  0xBA, 0x33, 0x5B, 0x51, 0x33, 0x1C, 0x4D, 0x01, 0x7F, 0xD9, 0x50, 0xD0, 0x22, 0x0A, 0xA1, 0x98, 0x4D, 0x21, 0x0B, 0xF6,
  0x83, 0x6C, 0x20, 0x92, 0x3D, 0x74, 0x5E, 0x80, 0x1F, 0xC3, 0x14, 0x9B, 0xAB, 0x3C, 0xA1, 0xDE, 0xC3, 0xE4, 0x0A, 0xF0,
  0x63, 0x22, 0xAC, 0xF6, 0x1E, 0xA6, 0x58, 0x80, 0x1F, 0x8B, 0x31, 0x65, 0xA6, 0x22, 0xB1, 0xF8, 0x38, 0xBA, 0x0A, 0xC0,
  0x9C, 0x0B, 0xF8, 0xCB, 0x6A, 0x22, 0x39, 0xE7, 0xA0, 0xFB, 0xF1, 0x08, 0x69, 0x90, 0xC9, 0xDD, 0x85, 0x46, 0x7F, 0x2E,
  0x83, 0xD0, 0x9A, 0x95, 0x27, 0xD8, 0xD9, 0xAD, 0x24, 0xAD, 0xE2, 0xE2, 0x5E, 0x81, 0xEE, 0xE6, 0x12, 0x97, 0x11, 0x27,
  0x59, 0x46, 0x3E, 0xE3, 0xA9, 0x78, 0xBE, 0xD0, 0xB3, 0x5B, 0x5E, 0xC8, 0x75, 0x13, 0x4B, 0x4C, 0x38, 0x1C, 0xE2, 0xFE,
  0xA5, 0x1C, 0x73, 0xBB, 0xCA, 0xB1, 0xC1, 0xC0, 0xAC, 0x02, 0x65, 0x12, 0x7B, 0x1E, 0x03, 0x50, 0x0E, 0x40, 0xA8, 0x32,
  0xDF, 0x89, 0xA6, 0x4C, 0x54, 0xC4, 0x53, 0x13, 0x59, 0x3C, 0xC5, 0xCF, 0x9D, 0xA2, 0x42, 0x46, 0x4E, 0xD8, 0xF4, 0x31,
  0x1E, 0x73, 0x8D, 0x38, 0xED, 0x20, 0x2C, 0x6C, 0xF5, 0x78, 0x2E, 0x27, 0x70, 0x4C, 0x9A, 0xEA, 0x55, 0x69, 0x17, 0x06,
  0xCC, 0x94, 0x29, 0x5E, 0x15, 0x73, 0x21, 0x82, 0xA3, 0x98, 0x8B, 0xE3, 0x26, 0x6D, 0x5C, 0xC2, 0x73, 0x95, 0x13, 0x33,
  0x1E, 0x23, 0x13, 0x89, 0x3E, 0x34, 0x6E, 0x7A, 0xB7, 0xAE, 0x75, 0xC7, 0xF4, 0x2A, 0x76, 0xF7, 0xA2, 0xB5, 0xD5, 0x18,
  0xB5, 0xEE, 0x25, 0xF2, 0x79, 0xDE, 0x47, 0x41, 0xE1, 0xAB, 0xFC, 0x67, 0xDA, 0x1B, 0x56, 0xCC, 0xE3, 0x97, 0x64, 0x2C,
  0xC5, 0x4B, 0x8C, 0xF0, 0xD4, 0x19, 0x18, 0xCD, 0x15, 0x4C, 0x23, 0xCF, 0xF2, 0x98, 0xC9, 0x2F, 0xDD, 0xF4, 0xD2, 0x29,
  0xA8, 0xFB, 0xB6, 0xBF, 0xA0, 0xBC, 0x41, 0x6F, 0xF3, 0xCD, 0x75, 0x81, 0x65, 0xF4, 0x51, 0x64, 0x75, 0x9E, 0x7D, 0xE6,
  0xF7, 0xC9, 0x5D, 0x95, 0xE6, 0x0E, 0xE2, 0xD7, 0x10, 0x89, 0xBB, 0x96, 0xAC, 0x9B, 0xA2, 0xAD, 0x29, 0x27, 0x5F, 0xD4,
  0x47, 0xE9, 0x7A, 0x9B, 0x29, 0xB3, 0x9A, 0x58, 0xBA, 0xB9, 0xA9, 0x63, 0xA9, 0x93, 0xF2, 0x50, 0x76, 0x43, 0xBD, 0x94,
  0x93, 0xFE, 0xA4, 0x4A, 0x65, 0x51, 0x21, 0xE7, 0xC4, 0xC8, 0x7C, 0xCD, 0x33, 0xFB, 0x1B, 0xD0, 0x5F, 0x8F, 0x18, 0xA5,
  0xA1, 0xA5, 0x9F, 0x96, 0x01, 0x7E, 0x0A, 0x2C, 0x7A, 0x48, 0x97, 0x02, 0xCA, 0xBB, 0x7A, 0xE1, 0xC1, 0xE7, 0xF4, 0x08,
  0x33, 0xC4, 0x4B, 0xC6, 0xF3, 0x24, 0x72, 0x7E, 0xF5, 0xAD, 0xC3, 0x93, 0xB9, 0xE4, 0x85, 0x31, 0xF3, 0x21, 0x46, 0xFE,
  0x0A, 0xEF, 0xA6, 0xE6, 0x97, 0x37, 0x7E, 0xD1, 0x26, 0x3B, 0xD8, 0xE2, 0x73, 0x89, 0x31, 0xDA, 0xA8, 0x75, 0x18, 0x5F,
  0xDE, 0x6D, 0xE8, 0x1B, 0x6C, 0xDD, 0xA4, 0xD3, 0x5A, 0xEA, 0xB4, 0x43, 0xA1, 0x9C, 0xD8, 0x9B, 0x57, 0xBD, 0xF9, 0xC6,
  0x37, 0xD4, 0xC7, 0xF4, 0x29, 0x38, 0xFF, 0xB7, 0x82, 0x52, 0xEA, 0x45, 0x9D, 0xCC, 0xDB, 0x6C, 0xCB, 0xD0, 0xCE, 0xAD,
  0xB7, 0xBA, 0x27, 0x40, 0x32, 0xF6, 0x4C, 0xCC, 0x5D, 0x66, 0x16, 0xD1, 0xF0, 0x99, 0x8B, 0x18, 0xC5, 0x6A, 0x85, 0xAB,
  0x65, 0x2E, 0xFF, 0x45, 0x4D, 0xDA, 0xB4, 0x24, 0x09, 0xDB, 0xEF, 0x84, 0x93, 0x9A, 0x3B, 0xF2, 0x06, 0x7A, 0xE9, 0xFD,
  0x6D, 0x0A, 0xA0, 0x2E, 0xF2, 0xA3, 0x88, 0xDD, 0x93, 0x7F, 0x35, 0xFD, 0xAB, 0xA9, 0x8E, 0x84, 0x84, 0x7C, 0x4A, 0xF9,
  0xBA, 0x99, 0xDE, 0xD7, 0x67, 0x3F, 0xE2, 0x69, 0x75, 0x55, 0x3E, 0x4F, 0x96, 0x66, 0x95, 0xC5, 0x84, 0x0E, 0x0A, 0x1A,
  0x68, 0xA0, 0xEB, 0xD9, 0xDB, 0x50, 0xE0, 0x2D, 0x72, 0xD1, 0xA0, 0x18, 0x74, 0x49, 0x49, 0x1E, 0xA0, 0x2B, 0xD6, 0xBA,
  0x74, 0x44, 0x0C, 0xAF, 0x6C, 0x7A, 0xCF, 0xE8, 0xC1, 0x08, 0x5F, 0x90, 0x1B, 0xC3, 0xE7, 0xEE, 0xB3, 0x26, 0x05, 0x01,
  0x57, 0xEA, 0x32, 0x64, 0x9B, 0x7B, 0x41, 0x3C, 0x02, 0x1D, 0x37, 0x43, 0x67, 0x9F, 0x6B, 0x56, 0x6A, 0xCC, 0x27, 0xA6,
  0xDB, 0xA4, 0x57, 0x09, 0x85, 0x4E, 0xCB, 0xB2, 0x23, 0xD4, 0x08, 0x19, 0x11, 0x34, 0x4E, 0x19, 0xEA, 0x41, 0xC0, 0x86,
  0xB9, 0x60, 0x64, 0xC8, 0x67, 0x20, 0xE2, 0x19, 0x1E, 0x87, 0xA7, 0x6E, 0xE5, 0xDE, 0xB7, 0x1D, 0x1B, 0x57, 0x5C, 0x7F,
  0xE0, 0xD4, 0xAD, 0x43, 0x34, 0x3C, 0x5D, 0x09, 0xC6, 0xFE, 0x33, 0x20, 0x8C, 0xC3, 0xFC, 0x29, 0xCC, 0x52, 0xE1, 0x22,
  0x7D, 0xC3, 0xBC, 0x1D, 0x3E, 0xEC, 0x5C, 0xED, 0x0B, 0x7A, 0x7A, 0x6A, 0xE6, 0xD1, 0xE1, 0xAE, 0xF9, 0x2E, 0x71, 0xF1,
  0x09, 0x79, 0xE3, 0x8E, 0xC3, 0x48, 0x91, 0x62, 0x36, 0x87, 0x8C, 0xD2, 0xC8, 0x3F, 0x85, 0x2A, 0xA4, 0x71, 0x7A, 0x51,
  0xC8, 0x19, 0xED, 0xBD, 0x3A, 0x43, 0x4B, 0x30, 0xE9, 0xEE, 0x4B, 0x84, 0xDB, 0x53, 0x3B, 0x91, 0x2A, 0x56, 0x12, 0x53,
  0x35, 0xCC, 0x50, 0x30, 0xEE, 0xDD, 0x64, 0xA0, 0xC2, 0x29, 0x56, 0x19, 0x05, 0xB4, 0x79, 0xBD, 0xF9, 0xE6, 0x05, 0x1B,
  0x02, 0x99, 0x1E, 0xA5, 0x7F, 0x2D, 0x78, 0x2D, 0x5D, 0x33, 0x2F, 0xE1, 0xAF, 0xE7, 0xDD, 0x13, 0xE7, 0xDC, 0xBE, 0x0B,
  0x70, 0x26, 0x0D, 0x30, 0xAF, 0x6C, 0x97, 0xEC, 0xE7, 0xEC, 0x6D, 0xD5, 0x09, 0x6D, 0xD3, 0xDC, 0x26, 0x36, 0x21, 0x40,
  0x7A, 0xFE, 0x2D, 0x9F, 0xBD, 0xCB, 0xB3, 0x37, 0xF1, 0x39, 0x76, 0xAD, 0x43, 0x47, 0xCA, 0xD4, 0x90, 0xB2, 0xF4, 0xA3,
  0x2C, 0xED, 0xC8, 0xD2, 0x8D, 0x40, 0xAF, 0xDC, 0x4D, 0xE1, 0x09, 0x81, 0x75, 0x89, 0x36, 0x04, 0x95, 0xCA, 0x32, 0x40,
  0x75, 0x57, 0x05, 0x9F, 0xB8, 0xA5, 0x31, 0x43, 0x18, 0x90, 0x4B, 0x70, 0x87, 0x18, 0xAB, 0x53, 0x17, 0xCA, 0x50, 0x80,
  0x14, 0x12, 0x0C, 0xE8, 0xF2, 0x8D, 0x2B, 0xE1, 0x7C, 0x82, 0x11, 0x4A, 0xC0, 0xA3, 0x86, 0x03, 0xE1, 0xC0, 0x99, 0x17,
  0xB6, 0x89, 0x5C, 0x11, 0xD7, 0x36, 0xF1, 0x52, 0x39, 0x1A, 0xCD, 0xA9, 0xCE, 0x5F, 0xBC, 0xF8, 0xC2, 0x73, 0x71, 0x3C,
  0x13, 0x87, 0x00, 0x82, 0xBB, 0xC1, 0xCB, 0x32, 0x9A, 0x93, 0xF3, 0xC2, 0x8D, 0x32, 0x21, 0x77, 0x7C, 0x0B, 0xE4, 0x38,
  0xE7, 0x56, 0x65, 0xF9, 0xD3, 0x72, 0x38, 0x95, 0x32, 0xFE, 0x6E, 0x9A, 0xBE, 0xE0, 0x69, 0x84, 0x08, 0xBF, 0x7A, 0x26,
  0x9C, 0x00, 0xBE, 0x22, 0xA0, 0xCC, 0x9C, 0x15, 0x33, 0xFD, 0x14, 0x12, 0x4B, 0x43, 0xA3, 0xFE, 0x60, 0xCB, 0x2F, 0xC7,
  0xD0, 0xF5, 0xB8, 0x40, 0x3E, 0x51, 0xDD, 0xC4, 0xEB, 0xC4, 0xA5, 0x31, 0x2C, 0x57, 0x10, 0x50, 0x9C, 0xBB, 0xBC, 0x8B,
  0xCD, 0xAC, 0x2B, 0x24, 0x97, 0xF0, 0x18, 0x18, 0xCF, 0xE3, 0x70, 0xE3, 0x68, 0xC2, 0x1A, 0xA7, 0xA6, 0x09, 0xB0, 0xA6,
  0x38, 0xD6, 0xDD, 0xB4, 0xC9, 0x74, 0x98, 0xC7, 0xD7, 0x91, 0x3C, 0x3E, 0xAE, 0xE9, 0xDA, 0x47, 0x7A, 0x0C, 0xFF, 0xA4,
  0xFB, 0xD3, 0x5D, 0x60, 0x59, 0xF2, 0xA3, 0x21, 0x34, 0x66, 0x48, 0xB0, 0x2B, 0x44, 0x56, 0x95, 0xB2, 0xD3, 0x90, 0x0F,
  0x2D, 0x97, 0xBE, 0x3B, 0xCB, 0x87, 0x60, 0xF8, 0xF1, 0x65, 0xD9, 0xA5, 0xD5, 0xF5, 0x2F, 0x73, 0x1F, 0x41, 0x84, 0xAE,
  0xB3, 0xC5, 0x56, 0x25, 0x59, 0x48, 0x8B, 0xBD, 0xA5, 0x40, 0x92, 0x8A, 0xA9, 0x4D, 0x46, 0x7B, 0xCF, 0xDA, 0x73, 0x74,
  0x73, 0x53, 0x77, 0x09, 0xA7, 0x54, 0xB9, 0xC6, 0xD3, 0xB2, 0x8E, 0xC9, 0xE0, 0x1C, 0xEB, 0x9B, 0xBA, 0x00, 0x46, 0x70,
  0x4D, 0x87, 0xD2, 0xC8, 0xD3, 0x06, 0x7F, 0xCC, 0xCD, 0x62, 0x0F, 0xB5, 0x94, 0xA2, 0xD9, 0xC3, 0x3D, 0x0F, 0xF3, 0x55,
  0x83, 0xC2, 0x04, 0xCB, 0xF9, 0xE1, 0x20, 0xC5, 0x8C, 0x63, 0xEF, 0xE9, 0xE3, 0x57, 0xE7, 0x63, 0x3B, 0x74, 0x63, 0x7F,
  0x57, 0x3B, 0x52, 0x82, 0xF7, 0xD2, 0x8F, 0xAF, 0x1C, 0xCF, 0x83, 0x89, 0x96, 0xF4, 0x7A, 0x5F, 0x63, 0x49, 0x28, 0xC3,
  0x29, 0x25, 0x00, 0xB6, 0xC6, 0x4D, 0x20, 0xF4, 0xF7, 0x89, 0x71, 0xF0, 0xA0, 0xC2, 0x95, 0x2C, 0xCA, 0x64, 0x43, 0xEF,
  0xEB, 0x82, 0xA8, 0x4B, 0xE0, 0x44, 0xD5, 0x43, 0xEB, 0x67, 0x71, 0x17, 0xB8, 0x50, 0x6E, 0x73, 0x7F, 0x33, 0xF7, 0xB8,
  0x98, 0xD1, 0x12, 0x39, 0x50, 0xA7, 0xC9, 0x36, 0xA6, 0xF1, 0x81, 0xBD, 0xFA, 0x9D, 0x17, 0xB2, 0xC4, 0xC0, 0x7D, 0x80,
  0xA7, 0x4A, 0x11, 0x07, 0x5F, 0x3A, 0xFB, 0xA7, 0x5F, 0x5D, 0x16, 0xFC, 0x57, 0x20, 0x02, 0x3A, 0x33, 0xC5, 0x3E, 0xE0,
  0xD7, 0x03, 0xF2, 0xF0, 0x7F, 0x72, 0xDE, 0x74, 0xDD, 0xEB, 0xF3, 0xF5, 0xAF, 0xA9, 0x21, 0x80, 0x04, 0x15, 0x18, 0x31,
  0x58, 0x87, 0xE4, 0xFA, 0x41, 0x57, 0x42, 0x60, 0xEA, 0xB9, 0xAE, 0xBC, 0xA8, 0xCE, 0x99, 0x93, 0xFE, 0xDC, 0xB9, 0xA5,
  0xA3, 0x43, 0xBA, 0x3C, 0xC1, 0x76, 0xBA, 0xEB, 0x77, 0x9D, 0x79, 0x9C, 0xB5, 0xDB, 0x29, 0xFA, 0x98, 0xB5, 0x39, 0x3A,
  0xB4, 0x73, 0x4A, 0x0A, 0x75, 0x4D, 0x05, 0x70, 0x68, 0x8E, 0xC2, 0xEA, 0x56, 0x1D, 0x7E, 0x9B, 0x5B, 0x96, 0xCB, 0x77,
  0x8F, 0xE7, 0xAE, 0x8D, 0x0B, 0xF2, 0x8E, 0xA3, 0x98, 0xD7, 0x72, 0x5E, 0x18, 0xC5, 0x1A, 0x92, 0x7C, 0x2A, 0x6F, 0x06,
  0xB9, 0x79, 0x37, 0x22, 0x50, 0x78, 0x83, 0xBE, 0xFF, 0xDD, 0x70, 0x7E, 0xDD, 0x9F, 0x6F, 0x00, 0x5C, 0xD9, 0xD4, 0x3B,
  0x08, 0xF6, 0xBC, 0x18, 0xBD, 0x83, 0xD5, 0xC7, 0xB2, 0x51, 0x0C, 0x48, 0xF3, 0x1E, 0xDE, 0x60, 0x30, 0xCF, 0x6F, 0x6C,
  0xC1, 0xE4, 0xBE, 0x1F, 0x6D, 0x64, 0x5E, 0xFB, 0x74, 0x5A, 0xA0, 0xBE, 0x2E, 0x6D, 0xA9, 0x5B, 0x3F, 0xBF, 0xFE, 0xB5,
  0xFF, 0x03, 0x2B, 0x50, 0x89, 0x95, 0xEA, 0x1C, 0x01, 0x00
};
const size_t INDEX_HTML_GZ_LEN = 18950;

// DEV_HTML_GZ (2824 bytes, compressed with gzip)
const uint8_t DEV_HTML_GZ[] PROGMEM = {
  0x1F, 0x8B, 0x08, 0x00, 0x89, 0xAE, 0xA6, 0x6A, 0x02, 0xFF, 0xA5, 0x59, 0xDD, 0x92, 0xDC, 0xC4, 0x15, 0xBE, 0xA7, 0x8A,
  0x77, 0x68, 0x8B, 0x18, 0x66, 0xF0, 0x8C, 0x46, 0xBB, 0x6B, 0x1C, 0x47, 0xB3, 0xB3, 0x2E, 0x6C, 0xEC, 0xE0, 0x94, 0xC1,
  0x2E, 0xBC, 0x2E, 0x92, 0x02, 0x2E, 0x7A, 0x46, 0xAD, 0x19, 0x61, 0x8D, 0xA4, 0x48, 0x3D, 0xFB, 0x93, 0xF1, 0x56, 0x79,
  0x6D, 0x2A, 0x90, 0x32, 0x29, 0x1B, 0x87, 0x84, 0x14, 0x24, 0x10, 0x92, 0x8B, 0xA4, 0x2A, 0x37, 0xB6, 0xB1, 0xF1, 0xFF,
  0x52, 0x95, 0x27, 0xD0, 0xBC, 0x02, 0x2F, 0x90, 0x3C, 0x42, 0xBE, 0xD3, 0xFA, 0x19, 0x49, 0x33, 0x5E, 0xBC, 0xE6, 0x62,
  0x77, 0xA5, 0xEE, 0xF3, 0x7F, 0x4E, 0x9F, 0xFE, 0x8E, 0xF6, 0xBF, 0x0F, 0xBF, 0x5B, 0xDE, 0xF7, 0xDA, 0xE9, 0x63, 0xAB,
  0xBF, 0x3A, 0x73, 0x9C, 0x0D, 0xE4, 0xD0, 0x5D, 0x79, 0xFE, 0xB9, 0x65, 0xFA, 0xCB, 0x5C, 0xEE, 0xF5, 0x3B, 0x5A, 0x38,
  0xD2, 0xD4, 0x8A, 0xE0, 0x16, 0xFD, 0x1D, 0x0A, 0xC9, 0x59, 0x6F, 0xC0, 0xC3, 0x48, 0xC8, 0x8E, 0x76, 0x6E, 0xF5, 0x44,
  0xF3, 0xB0, 0x96, 0xAF, 0x7B, 0x7C, 0x28, 0x3A, 0xDA, 0x9A, 0x23, 0xD6, 0x03, 0x3F, 0x94, 0x1A, 0xEB, 0xF9, 0x9E, 0x14,
  0x1E, 0xE8, 0xD6, 0x1D, 0x4B, 0x0E, 0x3A, 0x96, 0x58, 0x73, 0x7A, 0xA2, 0xA9, 0x5E, 0x1A, 0xCC, 0xF1, 0x1C, 0xE9, 0x70,
  0xB7, 0x19, 0xF5, 0xB8, 0x2B, 0x3A, 0x0B, 0xBA, 0xA1, 0xE4, 0x48, 0x47, 0xBA, 0x62, 0x25, 0xFE, 0x5B, 0x7C, 0x27, 0xFE,
  0x36, 0xBE, 0x17, 0x3F, 0x62, 0x93, 0x8B, 0xF1, 0x8D, 0xF8, 0xAE, 0xFA, 0x7D, 0x33, 0xDE, 0x99, 0x5C, 0x9A, 0x7C, 0x88,
  0xE5, 0x07, 0xF1, 0x0D, 0xF6, 0xFD, 0xC5, 0x4F, 0x59, 0xFC, 0x77, 0x2C, 0x3F, 0x98, 0x6C, 0xC7, 0xF7, 0x58, 0xFC, 0xAF,
  0xF8, 0xC6, 0xE4, 0x23, 0xDA, 0x59, 0x6E, 0x25, 0x42, 0x20, 0x2D, 0x92, 0x9B, 0xEA, 0xE1, 0xE5, 0x71, 0xD7, 0xDF, 0x68,
  0x46, 0xCE, 0x6F, 0x1C, 0xAF, 0x6F, 0x76, 0xFD, 0xD0, 0x12, 0x61, 0x13, 0x2B, 0xED, 0x21, 0x0F, 0xFB, 0x8E, 0x67, 0x1A,
  0xED, 0x80, 0x5B, 0x16, 0xED, 0x19, 0x5B, 0xCF, 0x3F, 0xD7, 0xF5, 0xAD, 0xCD, 0x71, 0x97, 0xF7, 0xCE, 0xF7, 0x43, 0x7F,
  0xE4, 0x59, 0xE6, 0x0B, 0x86, 0x61, 0xB4, 0x7B, 0xBE, 0xEB, 0x87, 0x78, 0xB4, 0x8D, 0xB6, 0x0D, 0xAF, 0x9A, 0x36, 0x1F,
  0x3A, 0xEE, 0xA6, 0xF9, 0xD2, 0x31, 0x7F, 0x14, 0x3A, 0x22, 0x64, 0x6F, 0x8A, 0xF5, 0x97, 0x1A, 0x43, 0xDF, 0xF3, 0xA3,
  0x80, 0xF7, 0x44, 0x2E, 0x6F, 0xE1, 0x50, 0xB0, 0x91, 0x30, 0x40, 0xB9, 0x30, 0x17, 0x0E, 0xE2, 0xD5, 0x75, 0x3C, 0xD1,
  0x1C, 0x08, 0xA7, 0x3F, 0x90, 0xE6, 0x82, 0x7E, 0x08, 0x1A, 0x07, 0x0B, 0xE3, 0x02, 0xCD, 0x61, 0xD0, 0x14, 0xD4, 0x25,
  0x36, 0xC2, 0x5C, 0x29, 0xFD, 0xA1, 0x49, 0x02, 0xA4, 0xD8, 0x00, 0xED, 0x80, 0x5B, 0xFE, 0xBA, 0x69, 0x30, 0x83, 0x81,
  0x81, 0x11, 0x29, 0x24, 0xE9, 0xD1, 0xA8, 0x3B, 0xCE, 0x98, 0xB9, 0x51, 0x54, 0xBD, 0x18, 0x6C, 0x54, 0x64, 0x91, 0x26,
  0xE2, 0x09, 0xB8, 0x27, 0xDC, 0x71, 0x12, 0x16, 0x73, 0x01, 0xC2, 0x22, 0xDF, 0x75, 0x2C, 0x25, 0xB2, 0x9D, 0x06, 0x2B,
  0xE4, 0x96, 0x33, 0x8A, 0x4C, 0xF2, 0x26, 0x77, 0xED, 0xE0, 0xAC, 0x40, 0x5A, 0x2A, 0x44, 0x2E, 0xEC, 0x77, 0x79, 0xCD,
  0x68, 0x2C, 0x19, 0x0D, 0xA3, 0xA1, 0x2F, 0xD6, 0x73, 0x5D, 0x6C, 0xB0, 0x58, 0x74, 0x78, 0x69, 0x37, 0x87, 0x17, 0x8C,
  0xCC, 0x63, 0x19, 0x72, 0x2F, 0xB2, 0xFD, 0x70, 0x68, 0x8E, 0x82, 0x40, 0x84, 0x3D, 0x1E, 0x89, 0xB6, 0x2B, 0xA4, 0x84,
  0x79, 0x14, 0x74, 0x65, 0x53, 0xE2, 0x50, 0xE8, 0xAF, 0x8F, 0x2D, 0x27, 0x0A, 0x5C, 0xBE, 0x69, 0xDA, 0xAE, 0xD8, 0x68,
  0xBF, 0x3F, 0x8A, 0xA4, 0x63, 0x6F, 0x36, 0xD3, 0x82, 0x34, 0x55, 0x92, 0x9A, 0x5D, 0x21, 0xD7, 0x85, 0xF0, 0x72, 0x8F,
  0x60, 0x07, 0xCB, 0x3D, 0xCE, 0xD4, 0x63, 0xCD, 0xC2, 0xA3, 0xA0, 0x78, 0x2C, 0x19, 0xA9, 0x74, 0xA6, 0x9F, 0x2F, 0x44,
  0x79, 0x2B, 0x59, 0x5A, 0x1B, 0x57, 0x8B, 0x64, 0x3D, 0x49, 0x72, 0xD7, 0x77, 0x2D, 0xAA, 0xAB, 0x11, 0x24, 0x7A, 0x95,
  0xCA, 0x5A, 0xE0, 0xE5, 0xE2, 0x9A, 0x9F, 0x85, 0xCC, 0xC2, 0x9F, 0x61, 0x39, 0x09, 0x72, 0x29, 0x2D, 0xAF, 0x64, 0x45,
  0x96, 0x56, 0xA5, 0xE3, 0x0D, 0x44, 0xE8, 0xC8, 0x76, 0x35, 0xC6, 0xA3, 0x30, 0x82, 0x9E, 0xC0, 0x77, 0x10, 0x85, 0x30,
  0x2B, 0x7E, 0x88, 0x63, 0xD9, 0x8F, 0xD1, 0x56, 0x41, 0xC6, 0xC1, 0xF4, 0x3D, 0x53, 0x5F, 0x8C, 0x72, 0xAB, 0xCD, 0x81,
  0xBF, 0x26, 0xC2, 0xB2, 0xED, 0xF6, 0xD4, 0x70, 0xC3, 0xC8, 0x29, 0xF5, 0x75, 0x1E, 0x7A, 0x69, 0x31, 0x35, 0xD3, 0x7D,
  0xFB, 0x70, 0x4E, 0x8A, 0xC7, 0x32, 0xE9, 0x1C, 0xC9, 0x05, 0xF2, 0x92, 0x64, 0x11, 0x86, 0x55, 0xC1, 0xD3, 0xE0, 0xD9,
  0x15, 0xCA, 0x79, 0x72, 0x8D, 0x8A, 0x5C, 0xC7, 0x0B, 0x46, 0x72, 0xEF, 0x09, 0xE1, 0xD3, 0x84, 0x1C, 0x7E, 0xEA, 0x5C,
  0xA8, 0xAE, 0x87, 0x6A, 0x36, 0xF6, 0x67, 0x81, 0x3F, 0x44, 0x01, 0x87, 0x15, 0x2F, 0xB8, 0x7E, 0x7F, 0xA6, 0xDF, 0xCC,
  0x51, 0xBB, 0x64, 0xCC, 0x51, 0x95, 0x9F, 0x46, 0x3A, 0x26, 0x69, 0x53, 0x59, 0x5C, 0xA4, 0x17, 0x72, 0xDF, 0x76, 0xFD,
  0xF5, 0xE6, 0xA6, 0xC9, 0x47, 0xD2, 0xAF, 0xB6, 0x82, 0x42, 0x93, 0x58, 0x1F, 0x38, 0x52, 0xA8, 0x33, 0x24, 0xCC, 0x20,
  0x44, 0x83, 0x0E, 0x79, 0x00, 0xBB, 0xF8, 0xB4, 0xC4, 0x6D, 0xBC, 0x2E, 0xB7, 0xB2, 0x6E, 0xBA, 0xDC, 0xCA, 0x6E, 0x03,
  0x6A, 0x95, 0xEA, 0x76, 0x58, 0x58, 0x79, 0xB1, 0x2F, 0xDB, 0x0C, 0x7D, 0xFB, 0x8F, 0xF1, 0x9F, 0xE2, 0x3F, 0xC7, 0x7F,
  0xA1, 0xC7, 0x6B, 0xF1, 0x67, 0xEA, 0xF7, 0x27, 0xF1, 0x97, 0x68, 0xD4, 0xFF, 0xC4, 0xF2, 0xE7, 0xF1, 0x35, 0x30, 0x2F,
  0x10, 0x8B, 0xE5, 0xAC, 0xB1, 0x9E, 0xCB, 0xA3, 0xA8, 0xA3, 0xA1, 0x67, 0x69, 0x2B, 0x73, 0x5B, 0x39, 0xFB, 0xCF, 0x5D,
  0x16, 0xDF, 0x46, 0xC3, 0xBF, 0x11, 0x7F, 0x13, 0x3F, 0x46, 0xFB, 0xDF, 0x9E, 0x5C, 0x4A, 0xDB, 0x7F, 0x7C, 0x8B, 0xAE,
  0x86, 0x3B, 0xD8, 0x79, 0x38, 0xF9, 0x98, 0xF6, 0x70, 0x57, 0xC4, 0xB7, 0xD4, 0xD2, 0x23, 0xFC, 0x3C, 0x86, 0x1C, 0x30,
  0x2F, 0x73, 0x36, 0x08, 0x85, 0xDD, 0xD1, 0x5A, 0xDA, 0xCA, 0xF7, 0xBF, 0xBD, 0xC6, 0xB0, 0x8E, 0xDB, 0x04, 0x3F, 0xB7,
  0x49, 0x40, 0xFC, 0x1D, 0xE8, 0xEF, 0xC5, 0x0F, 0xC1, 0xFC, 0x6D, 0xC2, 0x13, 0xDF, 0x59, 0x6E, 0xF1, 0x95, 0xE5, 0x16,
  0xAC, 0x83, 0x91, 0x65, 0x33, 0x55, 0xEB, 0xA2, 0x4B, 0x8A, 0xB1, 0xE5, 0xC1, 0x22, 0x19, 0x7C, 0x07, 0xAC, 0x4A, 0x1D,
  0xAE, 0x25, 0x08, 0x9A, 0x5C, 0x85, 0x73, 0x8B, 0x09, 0x41, 0x81, 0x0F, 0xCD, 0x41, 0x5B, 0x59, 0x46, 0x78, 0xBD, 0x6C,
  0xE5, 0x3C, 0xDC, 0xFD, 0x2B, 0x8C, 0x80, 0xFA, 0xC9, 0xD5, 0xA9, 0x6A, 0x86, 0x58, 0x7D, 0x1E, 0x7F, 0x82, 0x40, 0x83,
  0xB6, 0xCC, 0xB1, 0x96, 0x49, 0x70, 0x2C, 0xBC, 0xF8, 0xAE, 0x84, 0x3B, 0x17, 0x3F, 0x4D, 0x29, 0x59, 0x7C, 0x3D, 0xE3,
  0x49, 0x0D, 0x7F, 0x1A, 0x03, 0x3E, 0x43, 0x90, 0x49, 0xFD, 0xED, 0x1F, 0xD4, 0x17, 0xF4, 0xCA, 0xEA, 0xF6, 0xFF, 0x18,
  0x6D, 0xC9, 0x0D, 0x3D, 0x4F, 0xA3, 0xD2, 0xD5, 0x1B, 0xF4, 0x8B, 0xBA, 0xF6, 0xA2, 0xE2, 0xEB, 0xF8, 0x16, 0x12, 0x09,
  0x90, 0x00, 0x25, 0x48, 0xF3, 0xE4, 0x2A, 0xF2, 0x8B, 0x20, 0x3F, 0x9A, 0x5C, 0x45, 0x7A, 0x3E, 0xFE, 0x41, 0x2F, 0x51,
  0xD3, 0x41, 0x39, 0xAA, 0x37, 0xC1, 0x7D, 0x7F, 0x72, 0x69, 0xEF, 0xA6, 0xBC, 0xED, 0x34, 0x4F, 0x38, 0xEC, 0xAD, 0xB3,
  0x67, 0x4F, 0xFE, 0xA0, 0xD6, 0x30, 0x8A, 0x9C, 0x92, 0x56, 0xEB, 0xE8, 0x70, 0xEF, 0x0A, 0x4F, 0x9E, 0x69, 0x52, 0x4D,
  0x53, 0xF5, 0x4F, 0xB6, 0x77, 0x89, 0xAE, 0x13, 0x3C, 0x63, 0x70, 0xDF, 0x78, 0xF5, 0xD8, 0x2E, 0x62, 0x87, 0xBC, 0xF7,
  0xAC, 0x49, 0xBB, 0x0E, 0x8B, 0x2F, 0xD2, 0xA9, 0x57, 0xE9, 0x82, 0x03, 0x3B, 0x38, 0xF9, 0xF7, 0x90, 0xC9, 0x07, 0xF1,
  0xBD, 0x5D, 0x34, 0xA2, 0xB7, 0x3D, 0xAB, 0x46, 0x3A, 0xB6, 0x0F, 0x26, 0x97, 0x27, 0xBF, 0x83, 0x9A, 0xFB, 0x6C, 0xF2,
  0xFB, 0xC9, 0x07, 0x93, 0x0F, 0xD4, 0xD2, 0xA5, 0x5D, 0xF4, 0xD9, 0x1B, 0xCF, 0x5E, 0x95, 0x49, 0xD7, 0xDA, 0x41, 0xF1,
  0xA7, 0xA7, 0x9C, 0x9A, 0xC6, 0x63, 0xD4, 0xE4, 0x95, 0x5D, 0x14, 0xBA, 0xC2, 0x8A, 0x24, 0x97, 0x62, 0x9E, 0xDA, 0xA7,
  0x6B, 0x4F, 0x9F, 0x42, 0xCB, 0x7D, 0xA5, 0xFA, 0x56, 0xB9, 0x35, 0x25, 0x77, 0x24, 0xF3, 0xBD, 0x9E, 0xEB, 0xF4, 0xCE,
  0x77, 0x34, 0x29, 0x22, 0x79, 0x4A, 0x58, 0xB5, 0x7A, 0x12, 0x1C, 0x62, 0x61, 0xA7, 0x8E, 0xBF, 0xC6, 0x6A, 0x0A, 0x74,
  0xDF, 0x9E, 0x5C, 0x46, 0xEF, 0xBD, 0xC1, 0x5E, 0x99, 0x6C, 0xD7, 0x97, 0x5B, 0x09, 0x6F, 0x49, 0x4E, 0xAA, 0x1E, 0x57,
  0xAE, 0x36, 0x95, 0x19, 0x8A, 0xAE, 0xEF, 0x4B, 0x25, 0xF2, 0x2B, 0xCA, 0x30, 0x6C, 0xA1, 0xAE, 0xFB, 0x0D, 0x72, 0x7D,
  0x19, 0x4F, 0xF7, 0xE8, 0x44, 0x32, 0x24, 0x61, 0x5B, 0x75, 0xCE, 0x9D, 0xDC, 0xD0, 0x9D, 0x82, 0x8A, 0xD4, 0x13, 0xA6,
  0xAE, 0x1D, 0x2A, 0x32, 0x05, 0x0B, 0xA5, 0x1F, 0x28, 0x54, 0x0D, 0xC9, 0x5F, 0xE2, 0x84, 0x52, 0xE3, 0xBF, 0x95, 0x44,
  0x34, 0x09, 0x6E, 0xA5, 0x86, 0x58, 0xED, 0xF4, 0xEA, 0xAB, 0xF5, 0x72, 0x5F, 0x9E, 0x15, 0x78, 0x98, 0xE4, 0xD1, 0x3E,
  0x28, 0x5C, 0xDE, 0x05, 0x42, 0x4D, 0x69, 0x32, 0x14, 0xE9, 0x78, 0x0A, 0xB5, 0x77, 0x5D, 0xBF, 0x77, 0xBE, 0x8A, 0xA3,
  0x7E, 0x0C, 0xA0, 0xFB, 0x29, 0x01, 0xBA, 0xC5, 0x27, 0x83, 0x88, 0xFC, 0xBE, 0xCE, 0xCC, 0x63, 0xEC, 0x7F, 0x5F, 0xFD,
  0x61, 0x1B, 0x1D, 0x7F, 0x72, 0x25, 0xBE, 0x49, 0x09, 0x4A, 0x22, 0xF9, 0x01, 0xB5, 0xAA, 0xF8, 0x21, 0xD3, 0xBB, 0x8E,
  0xC7, 0x6A, 0x2A, 0x32, 0x77, 0x11, 0x86, 0x8B, 0xBA, 0xAE, 0xD7, 0x33, 0xC6, 0x65, 0x05, 0x77, 0x98, 0xDC, 0x0C, 0xE0,
  0x98, 0xED, 0xB8, 0x22, 0xA9, 0x34, 0x4C, 0x65, 0x27, 0xD4, 0x0B, 0xEF, 0xF5, 0x44, 0x80, 0x61, 0x8D, 0x64, 0x68, 0xD5,
  0x00, 0x78, 0xBE, 0x27, 0x54, 0x7E, 0x07, 0x98, 0x0A, 0x45, 0xCE, 0x75, 0x6C, 0xE0, 0x47, 0xC2, 0xAB, 0xC9, 0x81, 0x13,
  0xD5, 0xF3, 0x08, 0xB6, 0x54, 0x08, 0xB3, 0xB7, 0xBC, 0xD5, 0xA5, 0x2C, 0x6F, 0x62, 0x48, 0xD4, 0x2A, 0x39, 0x70, 0x85,
  0x2D, 0xCD, 0xC3, 0x65, 0x54, 0x52, 0xF5, 0x3F, 0x3D, 0x04, 0xA9, 0xD4, 0x72, 0xF1, 0x11, 0x90, 0xCC, 0xBD, 0x39, 0x17,
  0xB8, 0x3E, 0xB7, 0x8E, 0xCA, 0xF9, 0x4E, 0xB4, 0x2B, 0x69, 0x9F, 0xD6, 0x6C, 0xCE, 0xAA, 0xCA, 0xF6, 0xB3, 0x99, 0x72,
  0x25, 0x64, 0x92, 0x57, 0x57, 0x72, 0xA5, 0x14, 0x8E, 0x43, 0x5A, 0x5B, 0xA9, 0x0D, 0x67, 0x42, 0xBF, 0xFF, 0x36, 0x60,
  0xD4, 0x53, 0x99, 0x90, 0xA7, 0xB6, 0x14, 0x2B, 0x12, 0xB1, 0xBA, 0x21, 0x73, 0x09, 0xD5, 0x78, 0x94, 0x2C, 0xC4, 0xA5,
  0x6A, 0x32, 0x63, 0x7F, 0x29, 0x46, 0xE5, 0x6A, 0x4F, 0xB1, 0xE1, 0xA1, 0xF2, 0x84, 0x36, 0x07, 0x55, 0x2E, 0x15, 0xB0,
  0xA3, 0x39, 0x70, 0x2C, 0x0B, 0x13, 0x52, 0xC1, 0xE0, 0x83, 0x45, 0x83, 0x67, 0x9D, 0x3E, 0xCA, 0xC3, 0xDC, 0xE2, 0x04,
  0xF2, 0x02, 0xF0, 0x66, 0xC3, 0x2E, 0x81, 0xDF, 0xCA, 0x08, 0xA1, 0x15, 0x9A, 0x69, 0x52, 0x3C, 0xD3, 0xB7, 0x42, 0x9B,
  0xCD, 0x3B, 0xDE, 0x13, 0x8F, 0x70, 0xF1, 0x90, 0x94, 0x2A, 0x9D, 0x66, 0xC7, 0xA4, 0x36, 0x7C, 0xC9, 0xCF, 0x85, 0xAE,
  0xC6, 0x90, 0x88, 0x9E, 0x18, 0x60, 0x28, 0x13, 0x21, 0xE2, 0x22, 0x65, 0x10, 0x99, 0xAD, 0x16, 0x4E, 0x4A, 0xCB, 0x76,
  0xC2, 0x21, 0x4A, 0x49, 0xA8, 0x13, 0xB0, 0x5B, 0xA5, 0xE5, 0x35, 0x03, 0x91, 0x54, 0x2D, 0xE8, 0x31, 0x04, 0x36, 0x76,
  0xD8, 0xB9, 0xB7, 0x4E, 0x95, 0x9B, 0xE4, 0x9E, 0x5A, 0xF6, 0x17, 0x68, 0x66, 0xDF, 0x30, 0xDC, 0x86, 0x80, 0x31, 0x93,
  0x2B, 0x0A, 0xEA, 0xDE, 0x2F, 0xB7, 0x2E, 0x75, 0x35, 0xF8, 0x7D, 0x6D, 0xDE, 0x5D, 0x10, 0xF5, 0x42, 0x27, 0x90, 0x78,
  0xB6, 0x47, 0x5E, 0x8F, 0x26, 0x38, 0xF6, 0x93, 0x9A, 0x53, 0x1F, 0x87, 0x42, 0x8E, 0x42, 0x0F, 0x43, 0x6C, 0x6F, 0x34,
  0xC4, 0xEC, 0xAB, 0xF7, 0x85, 0x3C, 0xEE, 0x0A, 0x7A, 0x3C, 0xBA, 0x79, 0xD2, 0x02, 0x45, 0x7B, 0xAB, 0xC0, 0xC2, 0x03,
  0xA7, 0x16, 0x34, 0x86, 0x8D, 0x6E, 0xCE, 0x68, 0x0B, 0xD9, 0x1B, 0x60, 0x6D, 0x3C, 0x14, 0x72, 0xE0, 0x5B, 0xE6, 0xF0,
  0xC2, 0x05, 0xED, 0xE7, 0xC7, 0x57, 0xB5, 0x06, 0x0D, 0x01, 0x22, 0x8C, 0xCC, 0xB1, 0x76, 0x2C, 0x19, 0xAB, 0x9B, 0xAB,
  0x08, 0xB8, 0x66, 0x6A, 0x3C, 0x08, 0x10, 0x1D, 0x4E, 0xF2, 0x5A, 0xEF, 0x47, 0xBE, 0xA7, 0x6D, 0x35, 0x68, 0x50, 0x30,
  0xBB, 0x47, 0x7E, 0x71, 0xF6, 0xF4, 0x9B, 0x7A, 0x24, 0x43, 0xB4, 0x3E, 0x8C, 0xE3, 0xB5, 0x6E, 0xDD, 0x44, 0x1D, 0x08,
  0x1B, 0xAD, 0xD5, 0xDA, 0xAA, 0xEB, 0x72, 0x80, 0x56, 0x92, 0x59, 0x52, 0x0B, 0x73, 0x0B, 0x42, 0x9D, 0xA4, 0xD4, 0x60,
  0x68, 0xD9, 0xD6, 0xC0, 0x77, 0xDD, 0x5A, 0x7D, 0x4C, 0xC1, 0x21, 0xB3, 0xB5, 0x16, 0x7E, 0xB7, 0xE8, 0xD6, 0x1C, 0x45,
  0x5A, 0x55, 0x5A, 0x94, 0xD0, 0x31, 0xC4, 0x24, 0xC1, 0xCF, 0x20, 0x40, 0x61, 0xA4, 0x96, 0x77, 0x6A, 0x91, 0x4E, 0xAB,
  0xBC, 0x2F, 0x2E, 0x5C, 0x30, 0xB0, 0xE5, 0x9F, 0x70, 0x36, 0x70, 0x25, 0x2E, 0xD5, 0xDB, 0x39, 0x17, 0xA1, 0xE0, 0x32,
  0x53, 0xA4, 0x77, 0x39, 0x7D, 0x7E, 0xD8, 0x9C, 0x12, 0x11, 0x7C, 0xAD, 0x12, 0xD1, 0xD7, 0x32, 0x54, 0x69, 0xFF, 0x88,
  0x86, 0x3B, 0xF9, 0x1A, 0xFB, 0xFE, 0xF3, 0xAF, 0x11, 0x23, 0x5C, 0x57, 0x98, 0x1A, 0xB4, 0x29, 0xA7, 0x82, 0x9F, 0x55,
  0x56, 0x3B, 0x14, 0xE2, 0x75, 0x6C, 0x4C, 0xC9, 0x14, 0x5E, 0xAC, 0x92, 0xD1, 0xE2, 0x94, 0xC4, 0x99, 0x95, 0xE3, 0x14,
  0x24, 0x10, 0x58, 0xAB, 0xEE, 0x63, 0x6D, 0x4A, 0x40, 0xD8, 0xAA, 0x4A, 0x80, 0xB5, 0x08, 0x61, 0x9C, 0x12, 0x01, 0x10,
  0x55, 0x69, 0x84, 0x6D, 0x8B, 0x9E, 0x9C, 0x92, 0xE4, 0x10, 0xA6, 0x4A, 0xE8, 0x7B, 0x08, 0xC5, 0x75, 0x8C, 0x3A, 0x5F,
  0x50, 0x20, 0xAE, 0xC7, 0xFF, 0x56, 0x8F, 0x8A, 0x71, 0x8B, 0x02, 0x5E, 0xCC, 0x31, 0xF5, 0xE3, 0x53, 0x7E, 0x7F, 0x26,
  0xCD, 0x74, 0x08, 0xAA, 0x39, 0xE6, 0x85, 0x1C, 0xA7, 0xFB, 0xC5, 0x14, 0xF3, 0x0B, 0x17, 0xDE, 0x79, 0xAF, 0xAE, 0xBF,
  0x8F, 0x6B, 0xBB, 0xA6, 0xBD, 0xEB, 0x69, 0x85, 0xDC, 0x26, 0xD4, 0x38, 0x40, 0xA8, 0xA8, 0x55, 0x3F, 0xE8, 0x54, 0x96,
  0x5E, 0x57, 0xFD, 0x6B, 0xBE, 0x81, 0x39, 0x7A, 0x1A, 0x4F, 0x8D, 0xA3, 0xB5, 0x16, 0xDC, 0xD7, 0x1A, 0xDA, 0x99, 0xD3,
  0x67, 0x57, 0x67, 0x0C, 0xAD, 0x8F, 0x2B, 0x95, 0x9C, 0xC1, 0xA5, 0xB1, 0x63, 0xD7, 0x7A, 0xBE, 0x47, 0x7D, 0xA8, 0xA6,
  0xED, 0x11, 0x39, 0x1D, 0xD1, 0xEA, 0xF5, 0xA9, 0x09, 0x89, 0xC4, 0xDC, 0x80, 0x92, 0x36, 0xD5, 0xB4, 0xC6, 0x6B, 0x3C,
  0x64, 0x23, 0xF2, 0x34, 0x6D, 0x8B, 0x75, 0x7D, 0x8D, 0xBB, 0x23, 0xD1, 0x86, 0x09, 0xFB, 0x46, 0xF5, 0xE4, 0xE8, 0xB5,
  0x4B, 0xF6, 0x60, 0x64, 0x9D, 0x7C, 0x98, 0x22, 0x0E, 0x74, 0xBC, 0xA6, 0x9A, 0xB6, 0x2A, 0x00, 0xEC, 0x08, 0x02, 0x7B,
  0x60, 0x54, 0xB4, 0x04, 0xE2, 0x5B, 0x23, 0xC8, 0x4F, 0x4D, 0x69, 0x8C, 0xF1, 0x62, 0x8E, 0x2A, 0x01, 0x28, 0xC3, 0x09,
  0xD5, 0xBE, 0x93, 0x64, 0xC2, 0x00, 0xF5, 0xA6, 0x13, 0x60, 0x89, 0x5E, 0x7C, 0xB1, 0xF0, 0xF2, 0x8E, 0xF1, 0x5E, 0x21,
  0xE1, 0x45, 0x74, 0x51, 0x4E, 0x7C, 0x99, 0x45, 0xA7, 0x8F, 0xD4, 0x07, 0x34, 0x56, 0xD3, 0x0E, 0xBC, 0xC1, 0xE5, 0x40,
  0x57, 0x57, 0x51, 0xAD, 0x42, 0x43, 0xD7, 0x6C, 0x6B, 0xC1, 0x58, 0x3C, 0x58, 0x07, 0x25, 0xCD, 0xE4, 0xF5, 0xC2, 0x49,
  0x2D, 0x41, 0x0C, 0x94, 0x08, 0x5D, 0x45, 0x7A, 0x7A, 0xBF, 0x63, 0xC4, 0x2A, 0x20, 0xC5, 0xB4, 0xA6, 0xCB, 0x05, 0x53,
  0x80, 0x19, 0xCA, 0x7A, 0xCA, 0x83, 0xDD, 0x99, 0x7A, 0x00, 0x91, 0x99, 0x1D, 0x2A, 0x17, 0x76, 0x96, 0x8B, 0x34, 0x1C,
  0xFB, 0x0A, 0x05, 0x52, 0x44, 0x23, 0x0C, 0x0F, 0xEA, 0xB3, 0xC9, 0xE4, 0x72, 0x8E, 0x07, 0xD5, 0x57, 0x11, 0xED, 0x80,
  0x9D, 0x3A, 0x8D, 0xE4, 0xBC, 0xEB, 0x15, 0xBE, 0xAE, 0x24, 0x95, 0x45, 0x38, 0x51, 0x89, 0xD8, 0xA6, 0x19, 0xEC, 0x2E,
  0x7D, 0xD5, 0x98, 0x7C, 0x82, 0x01, 0xE5, 0x0A, 0x7D, 0x51, 0x79, 0x4C, 0xD0, 0xDF, 0xD8, 0xCF, 0x30, 0x44, 0x5F, 0x04,
  0x4F, 0xFA, 0x05, 0x26, 0xC1, 0x42, 0x4F, 0x28, 0x4F, 0x88, 0xD1, 0x51, 0x8B, 0x05, 0xAB, 0xC9, 0x45, 0xFA, 0xA8, 0x94,
  0x7A, 0x99, 0x83, 0xA3, 0x7A, 0xA3, 0xCB, 0xC3, 0xC2, 0x22, 0x81, 0x87, 0x7A, 0x43, 0x6E, 0xC8, 0xC2, 0x1A, 0x41, 0x20,
  0xD0, 0x49, 0xAF, 0x33, 0x13, 0x7A, 0x25, 0x9B, 0xE4, 0x56, 0x73, 0x90, 0x06, 0x1F, 0x4C, 0xB4, 0xC6, 0xBB, 0x38, 0x8A,
  0x1D, 0x19, 0xA2, 0xB6, 0xF3, 0x78, 0x5B, 0x1D, 0x4F, 0xAC, 0xB3, 0x13, 0x7E, 0x38, 0x7C, 0x8D, 0xD3, 0x69, 0x68, 0xDB,
  0x96, 0x8E, 0x6B, 0x4B, 0xA0, 0x14, 0xB4, 0x51, 0x60, 0x51, 0xD7, 0x6A, 0xD8, 0xF5, 0x9C, 0x7E, 0x63, 0x10, 0x2A, 0x86,
  0x5F, 0xBE, 0x71, 0xEA, 0x75, 0xE0, 0x85, 0xB7, 0xC4, 0xAF, 0x47, 0x38, 0xE2, 0xB5, 0x84, 0x00, 0x9B, 0xBA, 0x0F, 0xD6,
  0x5A, 0x5A, 0xE0, 0x85, 0xB2, 0x57, 0xB6, 0x6A, 0x0D, 0xD2, 0x3D, 0xA5, 0x4D, 0x56, 0xD1, 0x05, 0x03, 0xB8, 0x17, 0x0A,
  0x00, 0x81, 0xBC, 0x31, 0x88, 0xAC, 0xA0, 0x91, 0x67, 0xA1, 0xBB, 0xC2, 0xEB, 0xCB, 0xC1, 0x31, 0x7F, 0x88, 0xDA, 0x24,
  0x27, 0xB2, 0xCD, 0xC4, 0xA6, 0xA0, 0x53, 0xA8, 0x5F, 0xA2, 0x86, 0x50, 0x61, 0xB5, 0x04, 0x2E, 0x2F, 0xC9, 0xDD, 0xFA,
  0xCB, 0x40, 0x5B, 0x59, 0x87, 0x63, 0x0C, 0x71, 0x4E, 0x83, 0x94, 0xFC, 0x2B, 0x26, 0x38, 0xA0, 0xED, 0xD7, 0xDA, 0x88,
  0x74, 0xE9, 0xA4, 0x68, 0xB3, 0x98, 0x52, 0x3B, 0x90, 0x90, 0x26, 0x82, 0xB6, 0x54, 0x3D, 0x4F, 0xBD, 0xF6, 0x48, 0x69,
  0xA7, 0xD0, 0xD7, 0x72, 0xEB, 0x69, 0x3B, 0xB9, 0x8A, 0x3B, 0x9D, 0xCE, 0x22, 0x4C, 0xC9, 0x6D, 0x9F, 0x55, 0xFA, 0x0F,
  0x20, 0x1E, 0x2A, 0xA6, 0x8F, 0xA8, 0x99, 0xEC, 0x63, 0x73, 0xFB, 0x1E, 0x8C, 0x01, 0x42, 0x43, 0x4E, 0x2B, 0x8E, 0x68,
  0x04, 0x2A, 0xB5, 0xDC, 0xCF, 0x48, 0xC8, 0x55, 0x67, 0x28, 0xFC, 0x91, 0x2C, 0x76, 0x5B, 0x94, 0x83, 0x42, 0x23, 0x7A,
  0x28, 0x92, 0x83, 0xD7, 0xDE, 0x6A, 0x1C, 0x32, 0xA6, 0xF1, 0xD9, 0x12, 0x6E, 0x24, 0x76, 0x31, 0xF0, 0x4B, 0x35, 0x4F,
  0xDE, 0x4C, 0xCE, 0x4C, 0x65, 0xC0, 0xAC, 0x94, 0x99, 0xCD, 0x21, 0xEA, 0x49, 0xD1, 0xC2, 0x8C, 0xEC, 0x87, 0xC5, 0x70,
  0xCD, 0xAA, 0xFA, 0x9A, 0x60, 0x01, 0x7C, 0xBF, 0x95, 0x7C, 0xC0, 0xDA, 0x99, 0x6A, 0x9E, 0xAB, 0x68, 0x2A, 0x3D, 0xA2,
  0xDA, 0xB5, 0xAD, 0xF4, 0x7A, 0x4A, 0xA0, 0x51, 0x3B, 0xBF, 0x3D, 0xB1, 0x8A, 0xD0, 0x9C, 0xA4, 0x79, 0x15, 0x5D, 0xBE,
  0x18, 0x1B, 0xEA, 0x28, 0x39, 0x36, 0x4C, 0xE0, 0x7E, 0x3D, 0xE5, 0xDE, 0x6A, 0x2C, 0xA6, 0x41, 0xDA, 0x03, 0xEF, 0x54,
  0xE5, 0x56, 0x63, 0x29, 0x65, 0xCF, 0x69, 0x30, 0xF5, 0x1E, 0x5F, 0xC3, 0xC3, 0x29, 0x27, 0x82, 0xBF, 0x22, 0x04, 0xD8,
  0x70, 0x22, 0xA7, 0xEB, 0xB8, 0x8E, 0xDC, 0x4C, 0x26, 0x4B, 0x1C, 0xBB, 0xDD, 0xE5, 0x8F, 0x67, 0x5C, 0xDB, 0x52, 0x77,
  0x32, 0x46, 0x9F, 0x0C, 0xFF, 0x02, 0x81, 0xA7, 0xDF, 0xA5, 0x5B, 0xE9, 0x3F, 0x34, 0xFF, 0x0F, 0x4E, 0x83, 0xB3, 0x2F,
  0xE5, 0x1C, 0x00, 0x00
};
const size_t DEV_HTML_GZ_LEN = 2824;
